<?xml version="1.0" encoding="UTF-8"?><?xml-stylesheet type="text/css" href="idempiereDocument.css"?><idempiereDocument>
    <header>RevenueAccountingByTax Package Description</header>
    <H1>Package Name:</H1>
    <packagename>RevenueAccountingByTax</packagename>
    <H1>Author:</H1>
    <Name:/>
    <H1>Email Address:</H1>
    <Email>tbayen@bayen.de</Email>
    <H1>Created:</H1>
    <Date>2014-08-22 10:04:48.974</Date>
    <H1>Updated:</H1>
    <Date>2014-08-22 10:14:15.861</Date>
    <H1>Description:</H1>
    <description>Allows to post revenue dependend on the tax (and not on the product category)</description>
    <H1>Instructions:</H1>
    <instructions/>
    <H1>Files in Package:</H1>
    <file>File: PackOut.xml</file>
    <filedirectory>Directory: \dict\</filedirectory>
    <filenotes>Notes: Contains all application/object settings for package</filenotes>
    <H1>Client:</H1>
    <Client>0-SYSTEM-System</Client>
</idempiereDocument>
