<?xml version="1.0" encoding="UTF-8"?><idempiere Name="1.1.0" Version="1.2.0" idempiereVersion="" DataBaseVersion="" Description="" Author="" AuthorEmail="" CreatedDate="2023-06-06 19:18:03.696" UpdatedDate="2023-06-06 19:23:14.68" PackOutVersion="100" UpdateDictionary="false" Client="0-SYSTEM-System" AD_Client_UU="11237b53-9592-4af1-b3c5-afd216514b5d">
    <AD_Element type="table">
        <AD_Client_ID>0</AD_Client_ID>
        <AD_Org_ID>0</AD_Org_ID>
        <AD_Org_ID reference="id">0</AD_Org_ID>
        <IsActive>Y</IsActive>
        <ColumnName>BAY_Generated</ColumnName>
        <Name>Automatically Generated</Name>
        <Description>This order line was automatically generated from a pl/psql script</Description>
        <Help/>
        <PrintName>Automatically Generated</PrintName>
        <PO_Description/>
        <PO_Help/>
        <PO_Name/>
        <PO_PrintName/>
        <EntityType>BAY</EntityType>
        <AD_Element_UU>621de314-80eb-49d5-a9f9-87384fafc16d</AD_Element_UU>
        <Placeholder/>
        <AD_Element_Trl type="translation">
            <Description/>
            <Help/>
            <Name>Automatisch Erzeugt</Name>
            <Placeholder/>
            <PO_Description/>
            <PO_Help/>
            <PO_Name/>
            <PO_PrintName/>
            <PrintName>Automatisch Erzeugt</PrintName>
            <AD_Language>de_DE</AD_Language>
            <IsActive>Y</IsActive>
            <IsTranslated>Y</IsTranslated>
        </AD_Element_Trl>
    </AD_Element>
    <AD_Column type="table">
        <IsSyncDatabase>Y</IsSyncDatabase>
        <AD_Table_ID reference="id">260</AD_Table_ID>
        <AD_Reference_Value_ID reference="id"/>
        <AD_Client_ID>0</AD_Client_ID>
        <AD_Org_ID>0</AD_Org_ID>
        <Version>0</Version>
        <Name>Automatically Generated</Name>
        <Description>This order line was automatically generated from a pl/psql script</Description>
        <Help/>
        <AD_Val_Rule_ID reference="id"/>
        <ColumnName>BAY_Generated</ColumnName>
        <DefaultValue>N</DefaultValue>
        <FieldLength>1</FieldLength>
        <IsKey>N</IsKey>
        <IsParent>N</IsParent>
        <IsMandatory>Y</IsMandatory>
        <IsTranslated>N</IsTranslated>
        <IsIdentifier>N</IsIdentifier>
        <SeqNo>0</SeqNo>
        <IsEncrypted>N</IsEncrypted>
        <AD_Reference_ID reference="id">20</AD_Reference_ID>
        <AD_Org_ID reference="id">0</AD_Org_ID>
        <IsActive>Y</IsActive>
        <VFormat/>
        <Callout/>
        <AD_Element_ID reference="uuid" reference-key="AD_Element">621de314-80eb-49d5-a9f9-87384fafc16d</AD_Element_ID>
        <IsUpdateable>N</IsUpdateable>
        <AD_Process_ID reference="id"/>
        <ValueMin/>
        <ValueMax/>
        <IsSelectionColumn>N</IsSelectionColumn>
        <ReadOnlyLogic/>
        <EntityType>BAY</EntityType>
        <IsAlwaysUpdateable>N</IsAlwaysUpdateable>
        <ColumnSQL/>
        <MandatoryLogic/>
        <IsAutocomplete>N</IsAutocomplete>
        <IsAllowLogging>Y</IsAllowLogging>
        <FormatPattern/>
        <AD_Chart_ID reference="id"/>
        <AD_Column_UU>d2b3d4ec-f50b-4e58-8a62-e70fecc5e907</AD_Column_UU>
        <IsAllowCopy>Y</IsAllowCopy>
        <SeqNoSelection>0</SeqNoSelection>
        <IsToolbarButton>N</IsToolbarButton>
        <IsSecure>N</IsSecure>
        <FKConstraintName/>
        <FKConstraintType>N</FKConstraintType>
        <PA_DashboardContent_ID reference="id"/>
        <Placeholder/>
        <IsHtml>N</IsHtml>
        <AD_Val_Rule_Lookup_ID reference="id"/>
        <AlwaysUpdatableLogic/>
        <AD_InfoWindow_ID reference="id"/>
    </AD_Column>
    <AD_Tab type="table">
        <AD_Client_ID>0</AD_Client_ID>
        <AD_Org_ID>0</AD_Org_ID>
        <Name>Order All Lines</Name>
        <Description>Order Line</Description>
        <Help>The Order Line Tab defines the individual line items that comprise an Order.</Help>
        <AD_Window_ID reference="uuid" reference-key="AD_Window">11c1dbfa-778c-4d0f-8525-ece30f1fd54b</AD_Window_ID>
        <SeqNo>20</SeqNo>
        <IsSingleRow>N</IsSingleRow>
        <AD_Table_ID reference="id">260</AD_Table_ID>
        <AD_Org_ID reference="id">0</AD_Org_ID>
        <IsActive>Y</IsActive>
        <HasTree>N</HasTree>
        <IsInfoTab>N</IsInfoTab>
        <IsTranslationTab>N</IsTranslationTab>
        <IsReadOnly>N</IsReadOnly>
        <AD_Column_ID reference="id"/>
        <WhereClause/>
        <OrderByClause/>
        <CommitWarning/>
        <AD_Process_ID reference="id"/>
        <Processing>N</Processing>
        <AD_Image_ID reference="id"/>
        <ImportFields/>
        <TabLevel>1</TabLevel>
        <IsSortTab>N</IsSortTab>
        <AD_ColumnSortYesNo_ID reference="id"/>
        <AD_ColumnSortOrder_ID reference="id"/>
        <EntityType>BAY</EntityType>
        <Included_Tab_ID reference="id"/>
        <ReadOnlyLogic>@Processed@=Y &amp; @BAY_Generated@=Y</ReadOnlyLogic>
        <DisplayLogic/>
        <IsInsertRecord>Y</IsInsertRecord>
        <IsAdvancedTab>N</IsAdvancedTab>
        <Parent_Column_ID reference="id"/>
        <AD_Tab_UU>dbcb3e9e-a191-4357-80c3-49d0329dd21c</AD_Tab_UU>
        <AD_CtxHelp_ID reference="id"/>
        <TreeDisplayedOn>B</TreeDisplayedOn>
        <AD_TabType/>
        <IsLookupOnlySelection>N</IsLookupOnlySelection>
        <IsAllowAdvancedLookup>Y</IsAllowAdvancedLookup>
        <MaxQueryRecords>0</MaxQueryRecords>
        <IsHighVolume/>
        <DeleteConfirmationLogic/>
        <AD_Tab_Trl type="translation">
            <CommitWarning/>
            <Description>Order Line</Description>
            <Help>The Order Line Tab defines the individual line items that comprise an Order.</Help>
            <Name>Zeilen (alle)</Name>
            <AD_Language>de_DE</AD_Language>
            <IsActive>Y</IsActive>
            <IsTranslated>Y</IsTranslated>
        </AD_Tab_Trl>
    </AD_Tab>
    <AD_Tab type="table">
        <AD_Client_ID>0</AD_Client_ID>
        <AD_Org_ID>0</AD_Org_ID>
        <Name>Order Entered Lines</Name>
        <Description/>
        <Help/>
        <AD_Window_ID reference="uuid" reference-key="AD_Window">11c1dbfa-778c-4d0f-8525-ece30f1fd54b</AD_Window_ID>
        <SeqNo>15</SeqNo>
        <IsSingleRow>N</IsSingleRow>
        <AD_Table_ID reference="id">260</AD_Table_ID>
        <AD_Org_ID reference="id">0</AD_Org_ID>
        <IsActive>Y</IsActive>
        <HasTree>N</HasTree>
        <IsInfoTab>N</IsInfoTab>
        <IsTranslationTab>N</IsTranslationTab>
        <IsReadOnly>N</IsReadOnly>
        <AD_Column_ID reference="id"/>
        <WhereClause>C_OrderLine.Bay_MasterOrderLine_ID IS NULL</WhereClause>
        <OrderByClause/>
        <CommitWarning/>
        <AD_Process_ID reference="id"/>
        <Processing>N</Processing>
        <AD_Image_ID reference="id"/>
        <ImportFields>N</ImportFields>
        <TabLevel>1</TabLevel>
        <IsSortTab>N</IsSortTab>
        <AD_ColumnSortYesNo_ID reference="id"/>
        <AD_ColumnSortOrder_ID reference="id"/>
        <EntityType>BAY</EntityType>
        <Included_Tab_ID reference="id"/>
        <ReadOnlyLogic>@BAY_Generated@=Y</ReadOnlyLogic>
        <DisplayLogic/>
        <IsInsertRecord>Y</IsInsertRecord>
        <IsAdvancedTab>N</IsAdvancedTab>
        <Parent_Column_ID reference="id"/>
        <AD_Tab_UU>8caa4ba6-bd23-4a4b-8c3b-b7af9b987e91</AD_Tab_UU>
        <AD_CtxHelp_ID reference="id"/>
        <TreeDisplayedOn>B</TreeDisplayedOn>
        <AD_TabType/>
        <IsLookupOnlySelection>N</IsLookupOnlySelection>
        <IsAllowAdvancedLookup>Y</IsAllowAdvancedLookup>
        <MaxQueryRecords>0</MaxQueryRecords>
        <IsHighVolume/>
        <DeleteConfirmationLogic/>
        <AD_Tab_Trl type="translation">
            <CommitWarning/>
            <Description/>
            <Help/>
            <Name>Zeilen</Name>
            <AD_Language>de_DE</AD_Language>
            <IsActive>Y</IsActive>
            <IsTranslated>Y</IsTranslated>
        </AD_Tab_Trl>
        <AD_Field type="table">
            <AD_Client_ID>0</AD_Client_ID>
            <AD_Org_ID>0</AD_Org_ID>
            <Name>Automatically Generated</Name>
            <Description>This order line was automatically generated from a pl/psql script</Description>
            <Help/>
            <AD_Tab_ID reference="uuid" reference-key="AD_Tab">8caa4ba6-bd23-4a4b-8c3b-b7af9b987e91</AD_Tab_ID>
            <AD_Column_ID reference="uuid" reference-key="AD_Column">d2b3d4ec-f50b-4e58-8a62-e70fecc5e907</AD_Column_ID>
            <IsDisplayed>Y</IsDisplayed>
            <DisplayLogic>@BAY_Generated@=Y</DisplayLogic>
            <DisplayLength>1</DisplayLength>
            <SeqNo>45</SeqNo>
            <SortNo/>
            <IsSameLine>N</IsSameLine>
            <IsHeading>N</IsHeading>
            <IsFieldOnly>N</IsFieldOnly>
            <IsEncrypted>N</IsEncrypted>
            <AD_Org_ID reference="id">0</AD_Org_ID>
            <IsActive>Y</IsActive>
            <IsReadOnly>Y</IsReadOnly>
            <IsCentrallyMaintained>Y</IsCentrallyMaintained>
            <AD_FieldGroup_ID reference="id"/>
            <EntityType>BAY</EntityType>
            <ObscureType/>
            <AD_Reference_ID reference="id"/>
            <IsMandatory/>
            <DefaultValue/>
            <AD_Reference_Value_ID reference="id"/>
            <AD_Val_Rule_ID reference="id"/>
            <Included_Tab_ID reference="id"/>
            <AD_Field_UU>310792d3-ddc1-4b0f-aa74-8d79e6b17c94</AD_Field_UU>
            <IsAllowCopy/>
            <IsDisplayedGrid>Y</IsDisplayedGrid>
            <SeqNoGrid>100</SeqNoGrid>
            <XPosition>5</XPosition>
            <ColumnSpan>2</ColumnSpan>
            <NumLines>1</NumLines>
            <IsQuickEntry>N</IsQuickEntry>
            <IsUpdateable/>
            <IsAlwaysUpdateable/>
            <MandatoryLogic/>
            <ReadOnlyLogic/>
            <IsToolbarButton/>
            <IsDefaultFocus>N</IsDefaultFocus>
            <IsAdvancedField>N</IsAdvancedField>
            <VFormat/>
            <AD_LabelStyle_ID reference="id"/>
            <AD_FieldStyle_ID reference="id"/>
            <IsQuickForm>N</IsQuickForm>
            <Placeholder/>
            <IsSelectionColumn/>
            <AD_Val_Rule_Lookup_ID reference="id"/>
            <ColumnSQL/>
            <AD_Chart_ID reference="id"/>
            <AlwaysUpdatableLogic/>
            <AD_Field_Trl type="translation">
                <Description/>
                <Help/>
                <Name>Automatisch Erzeugt</Name>
                <Placeholder/>
                <AD_Language>de_DE</AD_Language>
                <IsActive>Y</IsActive>
                <IsTranslated>Y</IsTranslated>
            </AD_Field_Trl>
        </AD_Field>
    </AD_Tab>
</idempiere>
