<?xml version="1.0" encoding="UTF-8"?><idempiere Name="M_Warehouse" Version="1.0.0" idempiereVersion="10.0.0.qualifier" DataBaseVersion="2022-12-24" Description="" Author="SuperUser" AuthorEmail="superuser @ idempiere.com" CreatedDate="Thu Feb 01 14:30:34 CET 2024" UpdatedDate="Thu Feb 01 14:30:34 CET 2024" PackOutVersion="100" UpdateDictionary="true" Client="1000000-Bayen-Bayen" AD_Client_UU="d8933407-4a3a-4c1a-bd58-0f2ebdcbf436">
    <M_Warehouse type="table">
        <AD_Client_ID reference="uuid" reference-key="AD_Client">d8933407-4a3a-4c1a-bd58-0f2ebdcbf436</AD_Client_ID>
        <AD_Org_ID reference="uuid" reference-key="AD_Org">ced4198e-3366-46a8-9e10-3ffa2c0b5344</AD_Org_ID>
        <Name>Abholmarkt</Name>
        <Description/>
        <C_Location_ID reference="uuid" reference-key="C_Location">e4afb0a7-54b6-4e19-b753-302f66f6ae80</C_Location_ID>
        <AD_Org_ID reference="uuid" reference-key="AD_Org">ced4198e-3366-46a8-9e10-3ffa2c0b5344</AD_Org_ID>
        <IsActive>Y</IsActive>
        <Value>Abholmarkt</Value>
        <Separator>*</Separator>
        <M_WarehouseSource_ID reference="id"/>
        <ReplenishmentClass/>
        <IsInTransit>N</IsInTransit>
        <IsDisallowNegativeInv>N</IsDisallowNegativeInv>
        <M_Warehouse_UU>ed734710-3e60-48c3-82d2-b1afa7b30fa1</M_Warehouse_UU>
        <M_ReserveLocator_ID reference="uuid" reference-key="M_Locator">d90f1899-c4c4-4f2b-a3f8-b06b8054f955</M_ReserveLocator_ID>
        <M_Locator type="table">
            <AD_Client_ID reference="uuid" reference-key="AD_Client">d8933407-4a3a-4c1a-bd58-0f2ebdcbf436</AD_Client_ID>
            <AD_Org_ID reference="uuid" reference-key="AD_Org">ced4198e-3366-46a8-9e10-3ffa2c0b5344</AD_Org_ID>
            <AD_Org_ID reference="uuid" reference-key="AD_Org">ced4198e-3366-46a8-9e10-3ffa2c0b5344</AD_Org_ID>
            <IsActive>Y</IsActive>
            <M_Warehouse_ID reference="uuid" reference-key="M_Warehouse">ed734710-3e60-48c3-82d2-b1afa7b30fa1</M_Warehouse_ID>
            <X>1</X>
            <Y>1</Y>
            <Z>1</Z>
            <Value>Abholmarkt</Value>
            <PriorityNo>50</PriorityNo>
            <IsDefault>Y</IsDefault>
            <M_Locator_UU>d90f1899-c4c4-4f2b-a3f8-b06b8054f955</M_Locator_UU>
            <M_LocatorType_ID reference="id"/>
        </M_Locator>
    </M_Warehouse>
</idempiere>
