<?xml version="1.0" encoding="UTF-8"?><?xml-stylesheet type="text/css" href="idempiereDocument.css"?><idempiereDocument>
    <header>M_Warehouse Package Description</header>
    <H1>Package Name:</H1>
    <packagename>M_Warehouse</packagename>
    <H1>Author:</H1>
    <Name:>SuperUser</Name:>
    <H1>Email Address:</H1>
    <Email>superuser @ idempiere.com</Email>
    <H1>Created:</H1>
    <Date>Thu Feb 01 14:30:34 CET 2024</Date>
    <H1>Updated:</H1>
    <Date>Thu Feb 01 14:30:34 CET 2024</Date>
    <H1>Description:</H1>
    <description/>
    <H1>Instructions:</H1>
    <instructions/>
    <H1>Files in Package:</H1>
    <file>File: PackOut.xml</file>
    <filedirectory>Directory: \dict\</filedirectory>
    <filenotes>Notes: Contains all application/object settings for package</filenotes>
    <H1>Client:</H1>
    <Client>1000000-Bayen-Bayen</Client>
</idempiereDocument>
