<?xml version="1.0" encoding="UTF-8"?>
<idempiere Name="UStVoranmeldung" Version="1.0.0" idempiereVersion="" DataBaseVersion="" Description="Jasper Report for german USt-Voranmeldung 2014" Author="" AuthorEmail="tbayen@bayen.de" CreatedDate="2014-08-25 11:59:32.748" UpdatedDate="2014-08-25 11:59:32.748" PackOutVersion="100" UpdateDictionary="false" Client="0-SYSTEM-System" AD_Client_UU="11237b53-9592-4af1-b3c5-afd216514b5d">
    <AD_Package_Exp type="table">
        <AD_Client_ID>0</AD_Client_ID>
        <AD_Org_ID>0</AD_Org_ID>
        <Processing>false</Processing>
        <Version/>
        <Processed>false</Processed>
        <PK_Version>1.0.0</PK_Version>
        <AD_Package_Type>X</AD_Package_Type>
        <Description>Jasper Report for german USt-Voranmeldung 2014</Description>
        <Name>UStVoranmeldung</Name>
        <UserName/>
        <AD_Package_Exp_UU>8e472826-78cc-4071-8ad6-8acb7a51ccf6</AD_Package_Exp_UU>
        <IsActive>true</IsActive>
        <File_Directory/>
        <EMail>tbayen@bayen.de</EMail>
        <Instructions/>
        <ReleaseNo/>
        <DateFrom/>
        <IsExportDictionaryEntity>false</IsExportDictionaryEntity>
    </AD_Package_Exp>
    <AD_Package_Exp_Detail type="table">
        <AD_Client_ID>0</AD_Client_ID>
        <AD_Org_ID>0</AD_Org_ID>
        <SQLStatement>SELECT * FROM AD_Package_Exp WHERE AD_Package_Exp.Name='UStVoranmeldung'</SQLStatement>
        <AD_Table_ID reference="id">50005</AD_Table_ID>
        <ReleaseNo/>
        <AD_Window_ID reference="id"/>
        <Target_Directory/>
        <DBType>ALL</DBType>
        <Destination_Directory/>
        <Processed>false</Processed>
        <AD_Workbench_ID reference="id"/>
        <AD_Package_Code_Old/>
        <AD_ImpFormat_ID reference="id"/>
        <AD_ReportView_ID reference="id"/>
        <AD_Val_Rule_ID reference="id"/>
        <AD_Package_Code_New/>
        <Name2/>
        <Destination_FileName/>
        <FileName/>
        <Description/>
        <AD_Package_Exp_Detail_UU>f867d1d6-bbae-439e-916d-6fbede97457b</AD_Package_Exp_Detail_UU>
        <Type>D</Type>
        <Processing>false</Processing>
        <IsActive>true</IsActive>
        <Line>10</Line>
        <File_Directory/>
        <AD_EntityType_ID reference="id"/>
        <AD_Form_ID reference="id"/>
        <AD_Menu_ID reference="id"/>
        <AD_Message_ID reference="id"/>
        <AD_ModelValidator_ID reference="id"/>
        <AD_Package_Exp_ID reference="uuid" reference-key="AD_Package_Exp">8e472826-78cc-4071-8ad6-8acb7a51ccf6</AD_Package_Exp_ID>
        <AD_PrintFormat_ID reference="id"/>
        <AD_Process_ID reference="id"/>
        <AD_Reference_ID reference="id"/>
        <AD_Role_ID reference="id">0</AD_Role_ID>
        <AD_Workflow_ID reference="id"/>
    </AD_Package_Exp_Detail>
    <AD_Package_Exp_Detail type="table">
        <AD_Client_ID>0</AD_Client_ID>
        <AD_Org_ID>0</AD_Org_ID>
        <SQLStatement>SELECT * FROM AD_Package_Exp_Detail WHERE AD_Package_Exp_ID= (SELECT AD_Package_Exp_ID FROM AD_Package_Exp WHERE AD_Package_Exp.Name='UStVoranmeldung')</SQLStatement>
        <AD_Table_ID reference="id">50006</AD_Table_ID>
        <ReleaseNo/>
        <AD_Window_ID reference="id"/>
        <Target_Directory/>
        <DBType>ALL</DBType>
        <Destination_Directory/>
        <Processed>false</Processed>
        <AD_Workbench_ID reference="id"/>
        <AD_Package_Code_Old/>
        <AD_ImpFormat_ID reference="id"/>
        <AD_ReportView_ID reference="id"/>
        <AD_Val_Rule_ID reference="id"/>
        <AD_Package_Code_New/>
        <Name2/>
        <Destination_FileName/>
        <FileName/>
        <Description/>
        <AD_Package_Exp_Detail_UU>874ff5c6-0012-4a56-8f42-218f7dda4eb2</AD_Package_Exp_Detail_UU>
        <Type>D</Type>
        <Processing>false</Processing>
        <IsActive>true</IsActive>
        <Line>20</Line>
        <File_Directory/>
        <AD_EntityType_ID reference="id"/>
        <AD_Form_ID reference="id"/>
        <AD_Menu_ID reference="id"/>
        <AD_Message_ID reference="id"/>
        <AD_ModelValidator_ID reference="id"/>
        <AD_Package_Exp_ID reference="uuid" reference-key="AD_Package_Exp">8e472826-78cc-4071-8ad6-8acb7a51ccf6</AD_Package_Exp_ID>
        <AD_PrintFormat_ID reference="id"/>
        <AD_Process_ID reference="id"/>
        <AD_Reference_ID reference="id"/>
        <AD_Role_ID reference="id">0</AD_Role_ID>
        <AD_Workflow_ID reference="id"/>
    </AD_Package_Exp_Detail>
    <AD_Package_Exp_Detail type="table">
        <AD_Client_ID>0</AD_Client_ID>
        <AD_Org_ID>0</AD_Org_ID>
        <SQLStatement/>
        <AD_Table_ID reference="id"/>
        <ReleaseNo/>
        <AD_Window_ID reference="id"/>
        <Target_Directory/>
        <DBType>ALL</DBType>
        <Destination_Directory/>
        <Processed>false</Processed>
        <AD_Workbench_ID reference="id"/>
        <AD_Package_Code_Old/>
        <AD_ImpFormat_ID reference="id"/>
        <AD_ReportView_ID reference="id"/>
        <AD_Val_Rule_ID reference="id"/>
        <AD_Package_Code_New/>
        <Name2/>
        <Destination_FileName/>
        <FileName/>
        <Description/>
        <AD_Package_Exp_Detail_UU>335517dd-832d-4ee8-adda-8117f430ace1</AD_Package_Exp_Detail_UU>
        <Type>M</Type>
        <Processing>false</Processing>
        <IsActive>true</IsActive>
        <Line>30</Line>
        <File_Directory/>
        <AD_EntityType_ID reference="id"/>
        <AD_Form_ID reference="id"/>
        <AD_Menu_ID reference="uuid" reference-key="AD_Menu">4a6f2ec7-46d8-4814-b63a-a3d202ab808c</AD_Menu_ID>
        <AD_Message_ID reference="id"/>
        <AD_ModelValidator_ID reference="id"/>
        <AD_Package_Exp_ID reference="uuid" reference-key="AD_Package_Exp">8e472826-78cc-4071-8ad6-8acb7a51ccf6</AD_Package_Exp_ID>
        <AD_PrintFormat_ID reference="id"/>
        <AD_Process_ID reference="id"/>
        <AD_Reference_ID reference="id"/>
        <AD_Role_ID reference="id">0</AD_Role_ID>
        <AD_Workflow_ID reference="id"/>
    </AD_Package_Exp_Detail>
    <AD_Menu type="table">
        <Parent_ID reference="id">236</Parent_ID>
        <SeqNo>3</SeqNo>
        <AD_Client_ID>0</AD_Client_ID>
        <AD_Org_ID>0</AD_Org_ID>
        <AD_Window_ID reference="id"/>
        <AD_Task_ID reference="id"/>
        <IsSummary>false</IsSummary>
        <IsSOTrx>false</IsSOTrx>
        <IsReadOnly>false</IsReadOnly>
        <AD_Process_ID reference="uuid" reference-key="AD_Process">eb726407-d4ba-4000-b762-1903f0376685</AD_Process_ID>
        <EntityType>BAY</EntityType>
        <IsCentrallyMaintained>true</IsCentrallyMaintained>
        <Name>Tax Declaration Report</Name>
        <Description>Tax Declaration Report</Description>
        <AD_Menu_UU>4a6f2ec7-46d8-4814-b63a-a3d202ab808c</AD_Menu_UU>
        <AD_Workflow_ID reference="id"/>
        <Action>R</Action>
        <IsActive>true</IsActive>
        <AD_InfoWindow_ID reference="id"/>
        <AD_Form_ID reference="id"/>
        <AD_Menu_Trl type="translation">
            <Name>Umsatzsteuer-Voranmeldung</Name>
            <Description>Umsatzsteuer-Voranmeldung</Description>
            <AD_Language>de_DE</AD_Language>
            <IsActive>true</IsActive>
            <IsTranslated>true</IsTranslated>
        </AD_Menu_Trl>
        <AD_Menu_Trl type="translation">
            <Name>Tax Declaration Report</Name>
            <Description>Tax Declaration Report</Description>
            <AD_Language>es_CO</AD_Language>
            <IsActive>true</IsActive>
            <IsTranslated>false</IsTranslated>
        </AD_Menu_Trl>
        <AD_Process type="table">
            <AD_Client_ID>0</AD_Client_ID>
            <AD_Org_ID>0</AD_Org_ID>
            <CopyFromProcess>N</CopyFromProcess>
            <Help/>
            <IsDirectPrint>false</IsDirectPrint>
            <AD_ReportView_ID reference="id"/>
            <IsReport>true</IsReport>
            <AD_Process_UU>eb726407-d4ba-4000-b762-1903f0376685</AD_Process_UU>
            <AccessLevel>3</AccessLevel>
            <IsBetaFunctionality>false</IsBetaFunctionality>
            <WorkflowValue/>
            <IsServerProcess>false</IsServerProcess>
            <Statistic_Seconds>0</Statistic_Seconds>
            <Statistic_Count>0</Statistic_Count>
            <ShowHelp>Y</ShowHelp>
            <EntityType>BAY</EntityType>
            <JasperReport>USt-Voranmeldung.jrxml</JasperReport>
            <AD_PrintFormat_ID reference="id"/>
            <Description>Tax Declaration Report</Description>
            <Name>Tax Declaration Report</Name>
            <AD_Workflow_ID reference="id"/>
            <IsActive>true</IsActive>
            <AD_CtxHelp_ID reference="id"/>
            <ProcedureName/>
            <Classname/>
            <Value>JR Tax Declaration Report</Value>
            <AD_Form_ID reference="id"/>
            <AD_Process_Trl type="translation">
                <Help/>
                <Description>Tax Declaration Report</Description>
                <Name>Tax Declaration Report</Name>
                <AD_Language>es_CO</AD_Language>
                <IsActive>true</IsActive>
                <IsTranslated>false</IsTranslated>
            </AD_Process_Trl>
            <AD_Process_Trl type="translation">
                <Help/>
                <Description>Umsatzsteuer-Voranmeldung</Description>
                <Name>Umsatzsteuer-Voranmeldung</Name>
                <AD_Language>de_DE</AD_Language>
                <IsActive>true</IsActive>
                <IsTranslated>false</IsTranslated>
            </AD_Process_Trl>
            <AD_Process_Para type="table">
                <AD_Client_ID>0</AD_Client_ID>
                <AD_Org_ID>0</AD_Org_ID>
                <IsRange>false</IsRange>
                <AD_Element_ID reference="id">113</AD_Element_ID>
                <AD_Process_Para_UU>30ec6af9-f841-43f2-9ace-189e1818d6bc</AD_Process_Para_UU>
                <Help>An organization is a unit of your client or legal entity - examples are store, department. You can share data between organizations.</Help>
                <AD_Reference_ID reference="id">18</AD_Reference_ID>
                <ValueMin/>
                <AD_Val_Rule_ID reference="id"/>
                <IsMandatory>true</IsMandatory>
                <ReadOnlyLogic/>
                <DisplayLogic/>
                <EntityType>BAY</EntityType>
                <Name>Organization</Name>
                <ColumnName>AD_Org_ID</ColumnName>
                <Description>Organizational entity within client</Description>
                <FieldLength>0</FieldLength>
                <ValueMax/>
                <IsCentrallyMaintained>true</IsCentrallyMaintained>
                <DefaultValue2/>
                <VFormat/>
                <SeqNo>10</SeqNo>
                <DefaultValue>@#AD_Org_ID@</DefaultValue>
                <IsActive>true</IsActive>
                <IsEncrypted>false</IsEncrypted>
                <AD_Process_ID reference="uuid" reference-key="AD_Process">eb726407-d4ba-4000-b762-1903f0376685</AD_Process_ID>
                <AD_Reference_Value_ID reference="id"/>
                <AD_Process_Para_Trl type="translation">
                    <Help>An organization is a unit of your client or legal entity - examples are store, department. You can share data between organizations.</Help>
                    <Name>Organization</Name>
                    <Description>Organizational entity within client</Description>
                    <AD_Language>es_CO</AD_Language>
                    <IsActive>true</IsActive>
                    <IsTranslated>false</IsTranslated>
                </AD_Process_Para_Trl>
                <AD_Process_Para_Trl type="translation">
                    <Help>An organization is a unit of your client or legal entity - examples are store, department. You can share data between organizations.</Help>
                    <Name>Organization</Name>
                    <Description>Organizational entity within client</Description>
                    <AD_Language>de_DE</AD_Language>
                    <IsActive>true</IsActive>
                    <IsTranslated>false</IsTranslated>
                </AD_Process_Para_Trl>
            </AD_Process_Para>
            <AD_Process_Para type="table">
                <AD_Client_ID>0</AD_Client_ID>
                <AD_Org_ID>0</AD_Org_ID>
                <IsRange>false</IsRange>
                <AD_Element_ID reference="id">206</AD_Element_ID>
                <AD_Process_Para_UU>197ff8d7-624b-4a2c-ab38-7a0016d4a89e</AD_Process_Para_UU>
                <Help>The Period indicates an exclusive range of dates for a calendar.</Help>
                <AD_Reference_ID reference="id">18</AD_Reference_ID>
                <ValueMin/>
                <AD_Val_Rule_ID reference="id"/>
                <IsMandatory>true</IsMandatory>
                <ReadOnlyLogic/>
                <DisplayLogic/>
                <EntityType>BAY</EntityType>
                <Name>Period</Name>
                <ColumnName>C_Period_ID</ColumnName>
                <Description>Period of the Calendar</Description>
                <FieldLength>0</FieldLength>
                <ValueMax/>
                <IsCentrallyMaintained>true</IsCentrallyMaintained>
                <DefaultValue2/>
                <VFormat/>
                <SeqNo>20</SeqNo>
                <DefaultValue/>
                <IsActive>true</IsActive>
                <IsEncrypted>false</IsEncrypted>
                <AD_Process_ID reference="uuid" reference-key="AD_Process">eb726407-d4ba-4000-b762-1903f0376685</AD_Process_ID>
                <AD_Reference_Value_ID reference="id">275</AD_Reference_Value_ID>
                <AD_Process_Para_Trl type="translation">
                    <Help>The Period indicates an exclusive range of dates for a calendar.</Help>
                    <Name>Period</Name>
                    <Description>Period of the Calendar</Description>
                    <AD_Language>es_CO</AD_Language>
                    <IsActive>true</IsActive>
                    <IsTranslated>false</IsTranslated>
                </AD_Process_Para_Trl>
                <AD_Process_Para_Trl type="translation">
                    <Help>The Period indicates an exclusive range of dates for a calendar.</Help>
                    <Name>Period</Name>
                    <Description>Period of the Calendar</Description>
                    <AD_Language>de_DE</AD_Language>
                    <IsActive>true</IsActive>
                    <IsTranslated>false</IsTranslated>
                </AD_Process_Para_Trl>
            </AD_Process_Para>
        </AD_Process>
    </AD_Menu>
</idempiere>
