<?xml version="1.0" encoding="UTF-8"?><idempiere Name="PackoutImprovement" Version="1.0.1" idempiereVersion="" DataBaseVersion="" Description="This 2Pack sets the size of the SQL Statement field to 10.000 characters. It allows to apply big view statements with a 2Pack file." Author="" AuthorEmail="tbayen@bayen.de" CreatedDate="2014-08-23 09:32:13.841" UpdatedDate="2014-08-23 09:41:23.92" PackOutVersion="100" UpdateDictionary="true" Client="0-SYSTEM-System" AD_Client_UU="11237b53-9592-4af1-b3c5-afd216514b5d">
    <AD_Package_Exp type="table">
        <AD_Client_ID>0</AD_Client_ID>
        <AD_Org_ID>0</AD_Org_ID>
        <Processing>false</Processing>
        <Version/>
        <Processed>false</Processed>
        <PK_Version>1.0.1</PK_Version>
        <AD_Package_Type>X</AD_Package_Type>
        <Description>This 2Pack sets the size of the SQL Statement field to 10.000 characters. It allows to apply big view statements with a 2Pack file.</Description>
        <Name>PackoutImprovement</Name>
        <UserName/>
        <AD_Package_Exp_UU>e3c318b8-4361-4ca6-aab5-5d8105bd1125</AD_Package_Exp_UU>
        <ReleaseNo/>
        <DateFrom>2014-08-23 00:00:00.0</DateFrom>
        <IsActive>true</IsActive>
        <EMail>tbayen@bayen.de</EMail>
        <File_Directory/>
        <Instructions/>
        <IsExportDictionaryEntity>true</IsExportDictionaryEntity>
    </AD_Package_Exp>
    <AD_Package_Exp_Detail type="table">
        <AD_Client_ID>0</AD_Client_ID>
        <AD_Org_ID>0</AD_Org_ID>
        <AD_Table_ID reference="id">50006</AD_Table_ID>
        <ReleaseNo/>
        <AD_Window_ID reference="id"/>
        <Target_Directory/>
        <DBType>ALL</DBType>
        <Destination_Directory/>
        <Processed>false</Processed>
        <AD_Workbench_ID reference="id"/>
        <AD_Package_Code_Old/>
        <AD_ImpFormat_ID reference="id"/>
        <AD_ReportView_ID reference="id"/>
        <AD_Val_Rule_ID reference="id"/>
        <AD_Package_Code_New/>
        <Name2/>
        <Destination_FileName/>
        <FileName/>
        <Description/>
        <AD_Package_Exp_Detail_UU>0449a276-f34f-49e4-b844-e42537620768</AD_Package_Exp_Detail_UU>
        <Type>T</Type>
        <Processing>false</Processing>
        <IsActive>true</IsActive>
        <Line>30</Line>
        <File_Directory/>
        <AD_EntityType_ID reference="id"/>
        <AD_Form_ID reference="id"/>
        <AD_Menu_ID reference="id"/>
        <AD_Message_ID reference="id"/>
        <AD_ModelValidator_ID reference="id"/>
        <AD_Package_Exp_ID reference="uuid" reference-key="AD_Package_Exp">e3c318b8-4361-4ca6-aab5-5d8105bd1125</AD_Package_Exp_ID>
        <AD_PrintFormat_ID reference="id"/>
        <AD_Process_ID reference="id"/>
        <AD_Reference_ID reference="id"/>
        <AD_Role_ID reference="id">0</AD_Role_ID>
        <AD_Workflow_ID reference="id"/>
        <SQLStatement/>
    </AD_Package_Exp_Detail>
    <AD_Package_Exp_Detail type="table">
        <AD_Client_ID>0</AD_Client_ID>
        <AD_Org_ID>0</AD_Org_ID>
        <AD_Table_ID reference="id">50005</AD_Table_ID>
        <ReleaseNo/>
        <AD_Window_ID reference="id"/>
        <Target_Directory/>
        <DBType>ALL</DBType>
        <Destination_Directory/>
        <Processed>false</Processed>
        <AD_Workbench_ID reference="id"/>
        <AD_Package_Code_Old/>
        <AD_ImpFormat_ID reference="id"/>
        <AD_ReportView_ID reference="id"/>
        <AD_Val_Rule_ID reference="id"/>
        <AD_Package_Code_New/>
        <Name2/>
        <Destination_FileName/>
        <FileName/>
        <Description/>
        <AD_Package_Exp_Detail_UU>05dc0a50-22ce-4ed8-8dfd-75a0096d5b2a</AD_Package_Exp_Detail_UU>
        <Type>D</Type>
        <Processing>false</Processing>
        <IsActive>true</IsActive>
        <Line>10</Line>
        <File_Directory/>
        <AD_EntityType_ID reference="id"/>
        <AD_Form_ID reference="id"/>
        <AD_Menu_ID reference="id"/>
        <AD_Message_ID reference="id"/>
        <AD_ModelValidator_ID reference="id"/>
        <AD_Package_Exp_ID reference="uuid" reference-key="AD_Package_Exp">e3c318b8-4361-4ca6-aab5-5d8105bd1125</AD_Package_Exp_ID>
        <AD_PrintFormat_ID reference="id"/>
        <AD_Process_ID reference="id"/>
        <AD_Reference_ID reference="id"/>
        <AD_Role_ID reference="id">0</AD_Role_ID>
        <AD_Workflow_ID reference="id"/>
        <SQLStatement>SELECT * FROM AD_Package_Exp WHERE AD_Package_Exp.Name='PackoutImprovement'</SQLStatement>
    </AD_Package_Exp_Detail>
    <AD_Package_Exp_Detail type="table">
        <AD_Client_ID>0</AD_Client_ID>
        <AD_Org_ID>0</AD_Org_ID>
        <AD_Table_ID reference="id">50006</AD_Table_ID>
        <ReleaseNo/>
        <AD_Window_ID reference="id"/>
        <Target_Directory/>
        <DBType>ALL</DBType>
        <Destination_Directory/>
        <Processed>false</Processed>
        <AD_Workbench_ID reference="id"/>
        <AD_Package_Code_Old/>
        <AD_ImpFormat_ID reference="id"/>
        <AD_ReportView_ID reference="id"/>
        <AD_Val_Rule_ID reference="id"/>
        <AD_Package_Code_New/>
        <Name2/>
        <Destination_FileName/>
        <FileName/>
        <Description/>
        <AD_Package_Exp_Detail_UU>478b4254-080c-41bd-a08b-f5efee07bb56</AD_Package_Exp_Detail_UU>
        <Type>D</Type>
        <Processing>false</Processing>
        <IsActive>true</IsActive>
        <Line>20</Line>
        <File_Directory/>
        <AD_EntityType_ID reference="id"/>
        <AD_Form_ID reference="id"/>
        <AD_Menu_ID reference="id"/>
        <AD_Message_ID reference="id"/>
        <AD_ModelValidator_ID reference="id"/>
        <AD_Package_Exp_ID reference="uuid" reference-key="AD_Package_Exp">e3c318b8-4361-4ca6-aab5-5d8105bd1125</AD_Package_Exp_ID>
        <AD_PrintFormat_ID reference="id"/>
        <AD_Process_ID reference="id"/>
        <AD_Reference_ID reference="id"/>
        <AD_Role_ID reference="id">0</AD_Role_ID>
        <AD_Workflow_ID reference="id"/>
        <SQLStatement>SELECT * FROM AD_Package_Exp_Detail WHERE AD_Package_Exp_ID= (SELECT AD_Package_Exp_ID FROM AD_Package_Exp WHERE AD_Package_Exp.Name='PackoutImprovement')</SQLStatement>
    </AD_Package_Exp_Detail>
    <AD_Column type="table">
        <AD_Column_ID>50122</AD_Column_ID>
        <IsSyncDatabase>Y</IsSyncDatabase>
        <AD_Table_ID reference="id">50006</AD_Table_ID>
        <AD_Reference_Value_ID reference="id"/>
        <AD_Client_ID>0</AD_Client_ID>
        <AD_Org_ID>0</AD_Org_ID>
        <SeqNoSelection/>
        <Version>0</Version>
        <AD_Column_ID>50122</AD_Column_ID>
        <ValueMax/>
        <IsMandatory>false</IsMandatory>
        <IsTranslated>false</IsTranslated>
        <IsIdentifier>false</IsIdentifier>
        <SeqNo/>
        <ValueMin/>
        <IsParent>false</IsParent>
        <FieldLength>10000</FieldLength>
        <IsSelectionColumn>false</IsSelectionColumn>
        <IsKey>false</IsKey>
        <AD_Process_ID reference="id"/>
        <ReadOnlyLogic/>
        <IsAutocomplete>false</IsAutocomplete>
        <IsAllowLogging>true</IsAllowLogging>
        <MandatoryLogic/>
        <FormatPattern/>
        <AD_Column_UU>7491d9c1-7e9e-4f87-897c-b8792a3c48e8</AD_Column_UU>
        <IsUpdateable>true</IsUpdateable>
        <Callout/>
        <ColumnName>SQLStatement</ColumnName>
        <Description/>
        <ColumnSQL/>
        <DefaultValue/>
        <Help/>
        <Name>SQLStatement</Name>
        <IsAllowCopy>true</IsAllowCopy>
        <IsActive>true</IsActive>
        <IsToolbarButton>false</IsToolbarButton>
        <IsAlwaysUpdateable>false</IsAlwaysUpdateable>
        <EntityType>D</EntityType>
        <VFormat/>
        <IsEncrypted>N</IsEncrypted>
        <IsSecure>false</IsSecure>
        <AD_Chart_ID reference="id"/>
        <FKConstraintType/>
        <FKConstraintName/>
        <AD_Element_ID reference="id">50028</AD_Element_ID>
        <AD_Reference_ID reference="id">34</AD_Reference_ID>
        <AD_Val_Rule_ID reference="id"/>
    </AD_Column>
</idempiere>
