<?xml version="1.0" encoding="UTF-8"?>
<idempiere Name="TaxAdditionalFields" Version="1.0.4" idempiereVersion="" DataBaseVersion="" Description="Three additional fields for C_Tax:&#10;* Help - allows to describe better the reasons for a tax. And it allows to use the description field for other purposes (output text in invoice regarding to special laws e.g. for &quot;Reverse Charge Tax&quot;)&#10;* RevenueBaseCode, SalesTaxCode, PurchaseTaxCode - Codes that can be used to enter the tax values in a tax declaration form&#10;additional Fields for AD_OrgInfo:&#10;* nationalTaxID, taxAuthority_ID (BPartner reference)&#10;" Author="" AuthorEmail="tbayen@bayen.de" CreatedDate="2014-08-23 11:09:04.957" UpdatedDate="2014-08-24 16:38:02.11" PackOutVersion="100" UpdateDictionary="false" Client="0-SYSTEM-System" AD_Client_UU="11237b53-9592-4af1-b3c5-afd216514b5d">
    <AD_Package_Exp type="table">
        <AD_Client_ID>0</AD_Client_ID>
        <AD_Org_ID>0</AD_Org_ID>
        <Processing>false</Processing>
        <Version/>
        <Processed>false</Processed>
        <PK_Version>1.0.4</PK_Version>
        <AD_Package_Type>X</AD_Package_Type>
        <Description>Three additional fields for C_Tax:
* Help - allows to describe better the reasons for a tax. And it allows to use the description field for other purposes (output text in invoice regarding to special laws e.g. for "Reverse Charge Tax")
* RevenueBaseCode, SalesTaxCode, PurchaseTaxCode - Codes that can be used to enter the tax values in a tax declaration form
additional Fields for AD_OrgInfo:
* nationalTaxID, taxAuthority_ID (BPartner reference)
</Description>
        <Name>TaxAdditionalFields</Name>
        <UserName/>
        <AD_Package_Exp_UU>d593e0ce-578b-45f7-9686-df2dd96c50ed</AD_Package_Exp_UU>
        <IsActive>true</IsActive>
        <File_Directory/>
        <EMail>tbayen@bayen.de</EMail>
        <Instructions/>
        <ReleaseNo/>
        <DateFrom>2014-08-24 00:00:00.0</DateFrom>
        <IsExportDictionaryEntity>false</IsExportDictionaryEntity>
    </AD_Package_Exp>
    <AD_Package_Exp_Detail type="table">
        <AD_Client_ID>0</AD_Client_ID>
        <AD_Org_ID>0</AD_Org_ID>
        <SQLStatement/>
        <AD_Table_ID reference="id"/>
        <ReleaseNo/>
        <AD_Window_ID reference="id">110</AD_Window_ID>
        <Target_Directory/>
        <DBType>ALL</DBType>
        <Destination_Directory/>
        <Processed>false</Processed>
        <AD_Workbench_ID reference="id"/>
        <AD_Package_Code_Old/>
        <AD_ImpFormat_ID reference="id"/>
        <AD_ReportView_ID reference="id"/>
        <AD_Val_Rule_ID reference="id"/>
        <AD_Package_Code_New/>
        <Name2/>
        <Destination_FileName/>
        <FileName/>
        <Description/>
        <AD_Package_Exp_Detail_UU>a6cf610f-c2a7-44c6-8b58-18a836f70f08</AD_Package_Exp_Detail_UU>
        <Type>W</Type>
        <Processing>false</Processing>
        <IsActive>true</IsActive>
        <Line>80</Line>
        <File_Directory/>
        <AD_EntityType_ID reference="id"/>
        <AD_Form_ID reference="id"/>
        <AD_Menu_ID reference="id"/>
        <AD_Message_ID reference="id"/>
        <AD_ModelValidator_ID reference="id"/>
        <AD_Package_Exp_ID reference="uuid" reference-key="AD_Package_Exp">d593e0ce-578b-45f7-9686-df2dd96c50ed</AD_Package_Exp_ID>
        <AD_PrintFormat_ID reference="id"/>
        <AD_Process_ID reference="id"/>
        <AD_Reference_ID reference="id"/>
        <AD_Role_ID reference="id">0</AD_Role_ID>
        <AD_Workflow_ID reference="id"/>
    </AD_Package_Exp_Detail>
    <AD_Package_Exp_Detail type="table">
        <AD_Client_ID>0</AD_Client_ID>
        <AD_Org_ID>0</AD_Org_ID>
        <SQLStatement/>
        <AD_Table_ID reference="id">228</AD_Table_ID>
        <ReleaseNo/>
        <AD_Window_ID reference="id"/>
        <Target_Directory/>
        <DBType>ALL</DBType>
        <Destination_Directory/>
        <Processed>false</Processed>
        <AD_Workbench_ID reference="id"/>
        <AD_Package_Code_Old/>
        <AD_ImpFormat_ID reference="id"/>
        <AD_ReportView_ID reference="id"/>
        <AD_Val_Rule_ID reference="id"/>
        <AD_Package_Code_New/>
        <Name2/>
        <Destination_FileName/>
        <FileName/>
        <Description>Two more fields for nationalTaxID, taxAuthority_ID</Description>
        <AD_Package_Exp_Detail_UU>fb6ea50d-c2b5-42f6-846c-e2f3a309fdcc</AD_Package_Exp_Detail_UU>
        <Type>T</Type>
        <Processing>false</Processing>
        <IsActive>true</IsActive>
        <Line>70</Line>
        <File_Directory/>
        <AD_EntityType_ID reference="id"/>
        <AD_Form_ID reference="id"/>
        <AD_Menu_ID reference="id"/>
        <AD_Message_ID reference="id"/>
        <AD_ModelValidator_ID reference="id"/>
        <AD_Package_Exp_ID reference="uuid" reference-key="AD_Package_Exp">d593e0ce-578b-45f7-9686-df2dd96c50ed</AD_Package_Exp_ID>
        <AD_PrintFormat_ID reference="id"/>
        <AD_Process_ID reference="id"/>
        <AD_Reference_ID reference="id"/>
        <AD_Role_ID reference="id">0</AD_Role_ID>
        <AD_Workflow_ID reference="id"/>
    </AD_Package_Exp_Detail>
    <SQLStatement type="custom">
        <DBType>Postgres</DBType>
        <statement><![CDATA[CREATE OR REPLACE VIEW adempiere.rv_c_invoicetax AS 
 SELECT i.ad_client_id, i.ad_org_id, i.isactive, t.created, t.createdby, t.updated, t.updatedby, t.c_tax_id, i.c_invoice_id, i.c_doctype_id, i.c_bpartner_id, bp.taxid, bp.istaxexempt, i.dateacct, i.dateinvoiced, i.issotrx, i.documentno, i.ispaid, i.c_currency_id, 
        CASE
            WHEN charat(d.docbasetype::character varying, 3)::text = 'C'::text THEN t.taxbaseamt * (-1)::numeric
            ELSE t.taxbaseamt
        END AS taxbaseamt, 
        CASE
            WHEN charat(d.docbasetype::character varying, 3)::text = 'C'::text THEN t.taxamt * (-1)::numeric
            ELSE t.taxamt
        END AS taxamt, 
        CASE
            WHEN charat(d.docbasetype::character varying, 3)::text = 'C'::text THEN (t.taxbaseamt + t.taxamt) * (-1)::numeric
            ELSE t.taxbaseamt + t.taxamt
        END AS taxlinetotal, 
        CASE
            WHEN charat(d.docbasetype::character varying, 3)::text = 'C'::text THEN (-1)
            ELSE 1
        END AS multiplier, t.ad_org_id AS c_invoicetax_ad_org_id, t.isactive AS c_invoicetax_isactive, t.istaxincluded AS c_invoicetax_istaxincluded, t.processed AS c_invoicetax_processed, i.ad_orgtrx_id AS c_invoice_ad_orgtrx_id, i.ad_user_id, i.c_bpartner_location_id, i.c_activity_id, i.c_campaign_id, i.c_charge_id, i.c_conversiontype_id, i.c_doctypetarget_id, i.c_dunninglevel_id, i.chargeamt, i.c_order_id, i.c_payment_id, i.c_paymentterm_id AS c_invoice_c_paymentterm_id, i.created AS c_invoice_created, i.createdby AS c_invoice_createdby, i.dateprinted, i.description AS c_invoice_description, i.docaction, i.docstatus, i.dunninggrace, i.generateto, i.invoicecollectiontype, i.isapproved, i.isdiscountprinted, i.isindispute, i.ispayschedulevalid, i.isprinted, i.isselfservice AS c_invoice_isselfservice, i.istaxincluded AS c_invoice_istaxincluded, i.istransferred, i.m_pricelist_id, i.m_rma_id, i.paymentrule, i.poreference AS c_invoice_poreference, i.posted, i.processedon, i.processing]]></statement>
    </SQLStatement>
    <AD_Element type="table">
        <AD_Client_ID>0</AD_Client_ID>
        <AD_Org_ID>0</AD_Org_ID>
        <ColumnName>nationalTaxID</ColumnName>
        <Help/>
        <PO_Description/>
        <PO_Help/>
        <PO_PrintName/>
        <Name>national Tax Number</Name>
        <Description>Tax number for tax declaration etc., different from VAT-ID</Description>
        <PrintName>national Tax Number</PrintName>
        <PO_Name/>
        <AD_Element_UU>6dbdb4e2-1d4e-4fb7-8c52-7c4cd6bb30b7</AD_Element_UU>
        <IsActive>true</IsActive>
        <EntityType>BAY</EntityType>
        <AD_Element_Trl type="translation">
            <Help/>
            <PO_Description/>
            <PO_Help/>
            <PO_PrintName/>
            <Name>national Tax Number</Name>
            <Description>Tax number for tax declaration etc., different from VAT-ID</Description>
            <PrintName>national Tax Number</PrintName>
            <PO_Name/>
            <AD_Language>es_CO</AD_Language>
            <IsActive>true</IsActive>
            <IsTranslated>false</IsTranslated>
        </AD_Element_Trl>
        <AD_Element_Trl type="translation">
            <Help/>
            <PO_Description/>
            <PO_Help/>
            <PO_PrintName/>
            <Name>nationale Steuernummer</Name>
            <Description>nationale Steuernummer (in Deutschland ist die Steuernummer nicht die Umsatzsteuer-ID-Nummer!)</Description>
            <PrintName>Steuernummer</PrintName>
            <PO_Name/>
            <AD_Language>de_DE</AD_Language>
            <IsActive>true</IsActive>
            <IsTranslated>false</IsTranslated>
        </AD_Element_Trl>
    </AD_Element>
    <AD_Column type="table">
        <IsSyncDatabase>Y</IsSyncDatabase>
        <AD_Table_ID reference="id">228</AD_Table_ID>
        <AD_Reference_Value_ID reference="id"/>
        <AD_Client_ID>0</AD_Client_ID>
        <AD_Org_ID>0</AD_Org_ID>
        <SeqNoSelection>0</SeqNoSelection>
        <Version>0</Version>
        <ValueMax/>
        <IsMandatory>false</IsMandatory>
        <IsTranslated>false</IsTranslated>
        <IsIdentifier>false</IsIdentifier>
        <SeqNo>0</SeqNo>
        <ValueMin/>
        <IsParent>false</IsParent>
        <FieldLength>13</FieldLength>
        <IsSelectionColumn>false</IsSelectionColumn>
        <IsKey>false</IsKey>
        <AD_Process_ID reference="id"/>
        <ReadOnlyLogic/>
        <IsAutocomplete>false</IsAutocomplete>
        <IsAllowLogging>true</IsAllowLogging>
        <MandatoryLogic/>
        <FormatPattern/>
        <AD_Column_UU>22287356-2914-48f1-be86-3f69291e374d</AD_Column_UU>
        <IsUpdateable>true</IsUpdateable>
        <Callout/>
        <ColumnName>nationalTaxID</ColumnName>
        <Description>Tax number for tax declaration etc., different from VAT-ID</Description>
        <ColumnSQL/>
        <DefaultValue/>
        <Help/>
        <Name>national Tax Number</Name>
        <IsAllowCopy>true</IsAllowCopy>
        <IsActive>true</IsActive>
        <IsToolbarButton>false</IsToolbarButton>
        <IsAlwaysUpdateable>false</IsAlwaysUpdateable>
        <EntityType>BAY</EntityType>
        <VFormat/>
        <IsEncrypted>N</IsEncrypted>
        <IsSecure>false</IsSecure>
        <AD_Chart_ID reference="id"/>
        <FKConstraintName/>
        <FKConstraintType>N</FKConstraintType>
        <AD_Element_ID reference="uuid" reference-key="AD_Element">6dbdb4e2-1d4e-4fb7-8c52-7c4cd6bb30b7</AD_Element_ID>
        <AD_Reference_ID reference="id">10</AD_Reference_ID>
        <AD_Val_Rule_ID reference="id"/>
    </AD_Column>
    <AD_Element type="table">
        <AD_Client_ID>0</AD_Client_ID>
        <AD_Org_ID>0</AD_Org_ID>
        <ColumnName>taxAuthority_ID</ColumnName>
        <Help>Tax Authority Businesspartner to send tax declarations etc.</Help>
        <PO_Description/>
        <PO_Help/>
        <PO_PrintName/>
        <Name>Tax Authority</Name>
        <Description>Tax Authority Businesspartner</Description>
        <PrintName>Tax Authority</PrintName>
        <PO_Name/>
        <AD_Element_UU>b9cd82ac-c051-44d0-bd24-6b5b11569232</AD_Element_UU>
        <IsActive>true</IsActive>
        <EntityType>BAY</EntityType>
        <AD_Element_Trl type="translation">
            <Help>Tax Authority Businesspartner to send tax declarations etc.</Help>
            <PO_Description/>
            <PO_Help/>
            <PO_PrintName/>
            <Name>Tax Authority</Name>
            <Description>Tax Authority Businesspartner</Description>
            <PrintName>Tax Authority</PrintName>
            <PO_Name/>
            <AD_Language>es_CO</AD_Language>
            <IsActive>true</IsActive>
            <IsTranslated>false</IsTranslated>
        </AD_Element_Trl>
        <AD_Element_Trl type="translation">
            <Help>Tax Authority Businesspartner to send tax declarations etc.</Help>
            <PO_Description/>
            <PO_Help/>
            <PO_PrintName/>
            <Name>Tax Authority</Name>
            <Description>Tax Authority Businesspartner</Description>
            <PrintName>Tax Authority</PrintName>
            <PO_Name/>
            <AD_Language>de_DE</AD_Language>
            <IsActive>true</IsActive>
            <IsTranslated>false</IsTranslated>
        </AD_Element_Trl>
    </AD_Element>
    <AD_Column type="table">
        <IsSyncDatabase>Y</IsSyncDatabase>
        <AD_Table_ID reference="id">228</AD_Table_ID>
        <AD_Reference_Value_ID reference="id">138</AD_Reference_Value_ID>
        <AD_Client_ID>0</AD_Client_ID>
        <AD_Org_ID>0</AD_Org_ID>
        <SeqNoSelection>0</SeqNoSelection>
        <Version>0</Version>
        <ValueMax/>
        <IsMandatory>false</IsMandatory>
        <IsTranslated>false</IsTranslated>
        <IsIdentifier>false</IsIdentifier>
        <SeqNo>0</SeqNo>
        <ValueMin/>
        <IsParent>false</IsParent>
        <FieldLength>22</FieldLength>
        <IsSelectionColumn>false</IsSelectionColumn>
        <IsKey>false</IsKey>
        <AD_Process_ID reference="id"/>
        <ReadOnlyLogic/>
        <IsAutocomplete>false</IsAutocomplete>
        <IsAllowLogging>true</IsAllowLogging>
        <MandatoryLogic/>
        <FormatPattern/>
        <AD_Column_UU>91e04ab0-976c-4790-b7dc-0298f31a16a7</AD_Column_UU>
        <IsUpdateable>true</IsUpdateable>
        <Callout/>
        <ColumnName>taxAuthority_ID</ColumnName>
        <Description>Tax Authority Businesspartner</Description>
        <ColumnSQL/>
        <DefaultValue/>
        <Help>Tax Authority Businesspartner to send tax declarations etc.</Help>
        <Name>Tax Authority</Name>
        <IsAllowCopy>true</IsAllowCopy>
        <IsActive>true</IsActive>
        <IsToolbarButton>false</IsToolbarButton>
        <IsAlwaysUpdateable>false</IsAlwaysUpdateable>
        <EntityType>BAY</EntityType>
        <VFormat/>
        <IsEncrypted>N</IsEncrypted>
        <IsSecure>false</IsSecure>
        <AD_Chart_ID reference="id"/>
        <FKConstraintName>taxAuthority_ADOrgInfo</FKConstraintName>
        <FKConstraintType>N</FKConstraintType>
        <AD_Element_ID reference="uuid" reference-key="AD_Element">b9cd82ac-c051-44d0-bd24-6b5b11569232</AD_Element_ID>
        <AD_Reference_ID reference="id">18</AD_Reference_ID>
        <AD_Val_Rule_ID reference="id"/>
    </AD_Column>
    <AD_Field type="table">
        <AD_Client_ID>0</AD_Client_ID>
        <AD_Org_ID>0</AD_Org_ID>
        <SortNo/>
        <IsEncrypted>false</IsEncrypted>
        <AD_Tab_ID reference="id">170</AD_Tab_ID>
        <DisplayLength>22</DisplayLength>
        <IsSameLine>false</IsSameLine>
        <IsHeading>false</IsHeading>
        <SeqNo>110</SeqNo>
        <IsCentrallyMaintained>true</IsCentrallyMaintained>
        <IsReadOnly>false</IsReadOnly>
        <Help>Tax Authority Businesspartner to send tax declarations etc.</Help>
        <ObscureType/>
        <DisplayLogic/>
        <IsMandatory/>
        <AD_Val_Rule_ID reference="id"/>
        <Included_Tab_ID reference="id"/>
        <Description>Tax Authority Businesspartner</Description>
        <Name>Tax Authority</Name>
        <AD_Field_UU>3719e22e-bdf4-46c1-96c7-158c96f0c604</AD_Field_UU>
        <IsDisplayed>true</IsDisplayed>
        <IsFieldOnly>false</IsFieldOnly>
        <DefaultValue/>
        <IsAllowCopy/>
        <IsActive>true</IsActive>
        <IsDisplayedGrid>true</IsDisplayedGrid>
        <SeqNoGrid>180</SeqNoGrid>
        <XPosition>1</XPosition>
        <IsQuickEntry>false</IsQuickEntry>
        <MandatoryLogic/>
        <IsUpdateable/>
        <IsAlwaysUpdateable/>
        <ReadOnlyLogic/>
        <IsToolbarButton/>
        <ColumnSpan>2</ColumnSpan>
        <NumLines>1</NumLines>
        <IsAdvancedField>false</IsAdvancedField>
        <IsDefaultFocus>false</IsDefaultFocus>
        <AD_Column_ID reference="uuid" reference-key="AD_Column">91e04ab0-976c-4790-b7dc-0298f31a16a7</AD_Column_ID>
        <AD_FieldGroup_ID reference="id"/>
        <AD_Reference_ID reference="id"/>
        <AD_Reference_Value_ID reference="id"/>
        <EntityType>BAY</EntityType>
        <AD_Field_Trl type="translation">
            <Help>Tax Authority Businesspartner to send tax declarations etc.</Help>
            <Description>Tax Authority Businesspartner</Description>
            <Name>Tax Authority</Name>
            <AD_Language>de_DE</AD_Language>
            <IsActive>true</IsActive>
            <IsTranslated>false</IsTranslated>
        </AD_Field_Trl>
        <AD_Field_Trl type="translation">
            <Help>Tax Authority Businesspartner to send tax declarations etc.</Help>
            <Description>Tax Authority Businesspartner</Description>
            <Name>Tax Authority</Name>
            <AD_Language>es_CO</AD_Language>
            <IsActive>true</IsActive>
            <IsTranslated>false</IsTranslated>
        </AD_Field_Trl>
    </AD_Field>
    <AD_Field type="table">
        <AD_Client_ID>0</AD_Client_ID>
        <AD_Org_ID>0</AD_Org_ID>
        <SortNo/>
        <IsEncrypted>false</IsEncrypted>
        <AD_Tab_ID reference="id">170</AD_Tab_ID>
        <DisplayLength>13</DisplayLength>
        <IsSameLine>false</IsSameLine>
        <IsHeading>false</IsHeading>
        <SeqNo>120</SeqNo>
        <IsCentrallyMaintained>true</IsCentrallyMaintained>
        <IsReadOnly>false</IsReadOnly>
        <Help/>
        <ObscureType/>
        <DisplayLogic/>
        <IsMandatory/>
        <AD_Val_Rule_ID reference="id"/>
        <Included_Tab_ID reference="id"/>
        <Description>Tax number for tax declaration etc., different from VAT-ID</Description>
        <Name>national Tax Number</Name>
        <AD_Field_UU>e7385cd5-fd8b-4595-8417-34b83f066059</AD_Field_UU>
        <IsDisplayed>true</IsDisplayed>
        <IsFieldOnly>false</IsFieldOnly>
        <DefaultValue/>
        <IsAllowCopy/>
        <IsActive>true</IsActive>
        <IsDisplayedGrid>true</IsDisplayedGrid>
        <SeqNoGrid>190</SeqNoGrid>
        <XPosition>4</XPosition>
        <IsQuickEntry>false</IsQuickEntry>
        <MandatoryLogic/>
        <IsUpdateable/>
        <IsAlwaysUpdateable/>
        <ReadOnlyLogic/>
        <IsToolbarButton/>
        <ColumnSpan>2</ColumnSpan>
        <NumLines>1</NumLines>
        <IsAdvancedField>false</IsAdvancedField>
        <IsDefaultFocus>false</IsDefaultFocus>
        <AD_Column_ID reference="uuid" reference-key="AD_Column">22287356-2914-48f1-be86-3f69291e374d</AD_Column_ID>
        <AD_FieldGroup_ID reference="id"/>
        <AD_Reference_ID reference="id"/>
        <AD_Reference_Value_ID reference="id"/>
        <EntityType>BAY</EntityType>
        <AD_Field_Trl type="translation">
            <Help/>
            <Description>Tax number for tax declaration etc., different from VAT-ID</Description>
            <Name>national Tax Number</Name>
            <AD_Language>de_DE</AD_Language>
            <IsActive>true</IsActive>
            <IsTranslated>false</IsTranslated>
        </AD_Field_Trl>
        <AD_Field_Trl type="translation">
            <Help/>
            <Description>Tax number for tax declaration etc., different from VAT-ID</Description>
            <Name>national Tax Number</Name>
            <AD_Language>es_CO</AD_Language>
            <IsActive>true</IsActive>
            <IsTranslated>false</IsTranslated>
        </AD_Field_Trl>
    </AD_Field>
</idempiere>
