<?xml version="1.0" encoding="UTF-8"?><idempiere Name="CountryGroupEU" Version="1.0.2" idempiereVersion="" DataBaseVersion="" Description="" Author="" AuthorEmail="tbayen@bayen.de" CreatedDate="2014-08-23 11:14:20.581" UpdatedDate="2014-08-23 11:19:48.656" PackOutVersion="100" UpdateDictionary="false" Client="0-SYSTEM-System" AD_Client_UU="11237b53-9592-4af1-b3c5-afd216514b5d">
    <AD_Package_Exp type="table">
        <AD_Client_ID>0</AD_Client_ID>
        <AD_Org_ID>0</AD_Org_ID>
        <Processing>false</Processing>
        <Version/>
        <Processed>false</Processed>
        <PK_Version>1.0.2</PK_Version>
        <AD_Package_Type>X</AD_Package_Type>
        <Description/>
        <Name>CountryGroupEU</Name>
        <UserName/>
        <AD_Package_Exp_UU>d84a6d50-66e9-4e05-857e-8091e3f193ea</AD_Package_Exp_UU>
        <ReleaseNo/>
        <DateFrom/>
        <IsActive>true</IsActive>
        <EMail>tbayen@bayen.de</EMail>
        <File_Directory/>
        <Instructions/>
        <IsExportDictionaryEntity>false</IsExportDictionaryEntity>
    </AD_Package_Exp>
    <AD_Package_Exp_Detail type="table">
        <AD_Client_ID>0</AD_Client_ID>
        <AD_Org_ID>0</AD_Org_ID>
        <AD_Table_ID reference="id">50005</AD_Table_ID>
        <ReleaseNo/>
        <AD_Window_ID reference="id"/>
        <Target_Directory/>
        <DBType>ALL</DBType>
        <Destination_Directory/>
        <Processed>false</Processed>
        <AD_Workbench_ID reference="id"/>
        <AD_Package_Code_Old/>
        <AD_ImpFormat_ID reference="id"/>
        <AD_ReportView_ID reference="id"/>
        <AD_Val_Rule_ID reference="id"/>
        <AD_Package_Code_New/>
        <Name2/>
        <Destination_FileName/>
        <FileName/>
        <Description/>
        <AD_Package_Exp_Detail_UU>93d9e4ce-83ee-48ee-aa47-7da722b9d179</AD_Package_Exp_Detail_UU>
        <Type>D</Type>
        <Processing>false</Processing>
        <IsActive>true</IsActive>
        <Line>10</Line>
        <File_Directory/>
        <AD_EntityType_ID reference="id"/>
        <AD_Form_ID reference="id"/>
        <AD_Menu_ID reference="id"/>
        <AD_Message_ID reference="id"/>
        <AD_ModelValidator_ID reference="id"/>
        <AD_Package_Exp_ID reference="uuid" reference-key="AD_Package_Exp">d84a6d50-66e9-4e05-857e-8091e3f193ea</AD_Package_Exp_ID>
        <AD_PrintFormat_ID reference="id"/>
        <AD_Process_ID reference="id"/>
        <AD_Reference_ID reference="id"/>
        <AD_Role_ID reference="id">0</AD_Role_ID>
        <AD_Workflow_ID reference="id"/>
        <SQLStatement>SELECT * FROM AD_Package_Exp WHERE AD_Package_Exp.Name='CountryGroupEU'</SQLStatement>
    </AD_Package_Exp_Detail>
    <AD_Package_Exp_Detail type="table">
        <AD_Client_ID>0</AD_Client_ID>
        <AD_Org_ID>0</AD_Org_ID>
        <AD_Table_ID reference="id">50006</AD_Table_ID>
        <ReleaseNo/>
        <AD_Window_ID reference="id"/>
        <Target_Directory/>
        <DBType>ALL</DBType>
        <Destination_Directory/>
        <Processed>false</Processed>
        <AD_Workbench_ID reference="id"/>
        <AD_Package_Code_Old/>
        <AD_ImpFormat_ID reference="id"/>
        <AD_ReportView_ID reference="id"/>
        <AD_Val_Rule_ID reference="id"/>
        <AD_Package_Code_New/>
        <Name2/>
        <Destination_FileName/>
        <FileName/>
        <Description/>
        <AD_Package_Exp_Detail_UU>b20f7cd1-6fc5-4fc2-a42e-e347ab72fb33</AD_Package_Exp_Detail_UU>
        <Type>D</Type>
        <Processing>false</Processing>
        <IsActive>true</IsActive>
        <Line>20</Line>
        <File_Directory/>
        <AD_EntityType_ID reference="id"/>
        <AD_Form_ID reference="id"/>
        <AD_Menu_ID reference="id"/>
        <AD_Message_ID reference="id"/>
        <AD_ModelValidator_ID reference="id"/>
        <AD_Package_Exp_ID reference="uuid" reference-key="AD_Package_Exp">d84a6d50-66e9-4e05-857e-8091e3f193ea</AD_Package_Exp_ID>
        <AD_PrintFormat_ID reference="id"/>
        <AD_Process_ID reference="id"/>
        <AD_Reference_ID reference="id"/>
        <AD_Role_ID reference="id">0</AD_Role_ID>
        <AD_Workflow_ID reference="id"/>
        <SQLStatement>SELECT * FROM AD_Package_Exp_Detail WHERE AD_Package_Exp_ID= (SELECT AD_Package_Exp_ID FROM AD_Package_Exp WHERE AD_Package_Exp.Name='CountryGroupEU')</SQLStatement>
    </AD_Package_Exp_Detail>
    <AD_Package_Exp_Detail type="table">
        <AD_Client_ID>0</AD_Client_ID>
        <AD_Org_ID>0</AD_Org_ID>
        <AD_Table_ID reference="id">200146</AD_Table_ID>
        <ReleaseNo/>
        <AD_Window_ID reference="id"/>
        <Target_Directory/>
        <DBType>ALL</DBType>
        <Destination_Directory/>
        <Processed>false</Processed>
        <AD_Workbench_ID reference="id"/>
        <AD_Package_Code_Old/>
        <AD_ImpFormat_ID reference="id"/>
        <AD_ReportView_ID reference="id"/>
        <AD_Val_Rule_ID reference="id"/>
        <AD_Package_Code_New/>
        <Name2/>
        <Destination_FileName/>
        <FileName/>
        <Description/>
        <AD_Package_Exp_Detail_UU>49fc37cc-b276-4b2c-94c1-9e567d1b31e0</AD_Package_Exp_Detail_UU>
        <Type>D</Type>
        <Processing>false</Processing>
        <IsActive>true</IsActive>
        <Line>30</Line>
        <File_Directory/>
        <AD_EntityType_ID reference="id"/>
        <AD_Form_ID reference="id"/>
        <AD_Menu_ID reference="id"/>
        <AD_Message_ID reference="id"/>
        <AD_ModelValidator_ID reference="id"/>
        <AD_Package_Exp_ID reference="uuid" reference-key="AD_Package_Exp">d84a6d50-66e9-4e05-857e-8091e3f193ea</AD_Package_Exp_ID>
        <AD_PrintFormat_ID reference="id"/>
        <AD_Process_ID reference="id"/>
        <AD_Reference_ID reference="id"/>
        <AD_Role_ID reference="id">0</AD_Role_ID>
        <AD_Workflow_ID reference="id"/>
        <SQLStatement>SELECT * FROM C_CountryGroup WHERE Value = 'EU'</SQLStatement>
    </AD_Package_Exp_Detail>
    <AD_Package_Exp_Detail type="table">
        <AD_Client_ID>0</AD_Client_ID>
        <AD_Org_ID>0</AD_Org_ID>
        <AD_Table_ID reference="id">200145</AD_Table_ID>
        <ReleaseNo/>
        <AD_Window_ID reference="id"/>
        <Target_Directory/>
        <DBType>ALL</DBType>
        <Destination_Directory/>
        <Processed>false</Processed>
        <AD_Workbench_ID reference="id"/>
        <AD_Package_Code_Old/>
        <AD_ImpFormat_ID reference="id"/>
        <AD_ReportView_ID reference="id"/>
        <AD_Val_Rule_ID reference="id"/>
        <AD_Package_Code_New/>
        <Name2/>
        <Destination_FileName/>
        <FileName/>
        <Description/>
        <AD_Package_Exp_Detail_UU>11dc06ec-625f-4027-9ba0-d10b22b2da5c</AD_Package_Exp_Detail_UU>
        <Type>D</Type>
        <Processing>false</Processing>
        <IsActive>true</IsActive>
        <Line>40</Line>
        <File_Directory/>
        <AD_EntityType_ID reference="id"/>
        <AD_Form_ID reference="id"/>
        <AD_Menu_ID reference="id"/>
        <AD_Message_ID reference="id"/>
        <AD_ModelValidator_ID reference="id"/>
        <AD_Package_Exp_ID reference="uuid" reference-key="AD_Package_Exp">d84a6d50-66e9-4e05-857e-8091e3f193ea</AD_Package_Exp_ID>
        <AD_PrintFormat_ID reference="id"/>
        <AD_Process_ID reference="id"/>
        <AD_Reference_ID reference="id"/>
        <AD_Role_ID reference="id">0</AD_Role_ID>
        <AD_Workflow_ID reference="id"/>
        <SQLStatement>SELECT * FROM C_CountryGroupCountry WHERE C_CountryGroup_ID= (SELECT C_CountryGroup_ID FROM C_CountryGroup WHERE C_CountryGroup.Value='EU')</SQLStatement>
    </AD_Package_Exp_Detail>
    <C_CountryGroup type="table">
        <AD_Client_ID>0</AD_Client_ID>
        <AD_Org_ID>0</AD_Org_ID>
        <Description>European Union</Description>
        <DateTo/>
        <DateFrom/>
        <Help/>
        <IsActive>true</IsActive>
        <C_CountryGroup_UU>e7e714e1-17ee-4621-a020-53b66d377fce</C_CountryGroup_UU>
        <Name>European Union</Name>
        <Value>EU</Value>
        <C_CountryGroup_Trl type="translation">
            <Description>European Union</Description>
            <Name>European Union</Name>
            <AD_Language>es_CO</AD_Language>
            <IsActive>true</IsActive>
            <IsTranslated>false</IsTranslated>
        </C_CountryGroup_Trl>
        <C_CountryGroup_Trl type="translation">
            <Description>Europäische Union</Description>
            <Name>Europäische Union</Name>
            <AD_Language>de_DE</AD_Language>
            <IsActive>true</IsActive>
            <IsTranslated>false</IsTranslated>
        </C_CountryGroup_Trl>
    </C_CountryGroup>
    <C_CountryGroupCountry type="table">
        <AD_Client_ID>0</AD_Client_ID>
        <AD_Org_ID>0</AD_Org_ID>
        <IsActive>true</IsActive>
        <C_CountryGroupCountry_UU>81317a68-5044-41ec-92dc-20d2a018ed28</C_CountryGroupCountry_UU>
        <C_Country_ID reference="id">101</C_Country_ID>
        <C_CountryGroup_ID reference="uuid" reference-key="C_CountryGroup">e7e714e1-17ee-4621-a020-53b66d377fce</C_CountryGroup_ID>
        <DateFrom/>
        <DateTo/>
    </C_CountryGroupCountry>
    <C_CountryGroupCountry type="table">
        <AD_Client_ID>0</AD_Client_ID>
        <AD_Org_ID>0</AD_Org_ID>
        <IsActive>true</IsActive>
        <C_CountryGroupCountry_UU>991fc20c-98ee-4b5d-8ec0-14769e747430</C_CountryGroupCountry_UU>
        <C_Country_ID reference="id">108</C_Country_ID>
        <C_CountryGroup_ID reference="uuid" reference-key="C_CountryGroup">e7e714e1-17ee-4621-a020-53b66d377fce</C_CountryGroup_ID>
        <DateFrom/>
        <DateTo/>
    </C_CountryGroupCountry>
    <C_CountryGroupCountry type="table">
        <AD_Client_ID>0</AD_Client_ID>
        <AD_Org_ID>0</AD_Org_ID>
        <IsActive>true</IsActive>
        <C_CountryGroupCountry_UU>e95aa1e4-0c49-4851-8acb-41b9dca983cf</C_CountryGroupCountry_UU>
        <C_Country_ID reference="id">214</C_Country_ID>
        <C_CountryGroup_ID reference="uuid" reference-key="C_CountryGroup">e7e714e1-17ee-4621-a020-53b66d377fce</C_CountryGroup_ID>
        <DateFrom/>
        <DateTo/>
    </C_CountryGroupCountry>
    <C_CountryGroupCountry type="table">
        <AD_Client_ID>0</AD_Client_ID>
        <AD_Org_ID>0</AD_Org_ID>
        <IsActive>true</IsActive>
        <C_CountryGroupCountry_UU>cb8c12c5-e5bd-4c6f-a3ae-213f1f73d1b0</C_CountryGroupCountry_UU>
        <C_Country_ID reference="id">103</C_Country_ID>
        <C_CountryGroup_ID reference="uuid" reference-key="C_CountryGroup">e7e714e1-17ee-4621-a020-53b66d377fce</C_CountryGroup_ID>
        <DateFrom/>
        <DateTo/>
    </C_CountryGroupCountry>
    <C_CountryGroupCountry type="table">
        <AD_Client_ID>0</AD_Client_ID>
        <AD_Org_ID>0</AD_Org_ID>
        <IsActive>true</IsActive>
        <C_CountryGroupCountry_UU>e7aff267-d76e-4e28-8516-89aa0c02e746</C_CountryGroupCountry_UU>
        <C_Country_ID reference="id">142</C_Country_ID>
        <C_CountryGroup_ID reference="uuid" reference-key="C_CountryGroup">e7e714e1-17ee-4621-a020-53b66d377fce</C_CountryGroup_ID>
        <DateFrom/>
        <DateTo/>
    </C_CountryGroupCountry>
    <C_CountryGroupCountry type="table">
        <AD_Client_ID>0</AD_Client_ID>
        <AD_Org_ID>0</AD_Org_ID>
        <IsActive>true</IsActive>
        <C_CountryGroupCountry_UU>0f8177ad-e907-43df-8f45-2620b73cf5a0</C_CountryGroupCountry_UU>
        <C_Country_ID reference="id">167</C_Country_ID>
        <C_CountryGroup_ID reference="uuid" reference-key="C_CountryGroup">e7e714e1-17ee-4621-a020-53b66d377fce</C_CountryGroup_ID>
        <DateFrom/>
        <DateTo/>
    </C_CountryGroupCountry>
    <C_CountryGroupCountry type="table">
        <AD_Client_ID>0</AD_Client_ID>
        <AD_Org_ID>0</AD_Org_ID>
        <IsActive>true</IsActive>
        <C_CountryGroupCountry_UU>766a8dcc-303e-418b-a6d0-84d69a4caf10</C_CountryGroupCountry_UU>
        <C_Country_ID reference="id">176</C_Country_ID>
        <C_CountryGroup_ID reference="uuid" reference-key="C_CountryGroup">e7e714e1-17ee-4621-a020-53b66d377fce</C_CountryGroup_ID>
        <DateFrom/>
        <DateTo/>
    </C_CountryGroupCountry>
    <C_CountryGroupCountry type="table">
        <AD_Client_ID>0</AD_Client_ID>
        <AD_Org_ID>0</AD_Org_ID>
        <IsActive>true</IsActive>
        <C_CountryGroupCountry_UU>b7005def-fdbf-470c-b7ea-4bcc2e23d238</C_CountryGroupCountry_UU>
        <C_Country_ID reference="id">181</C_Country_ID>
        <C_CountryGroup_ID reference="uuid" reference-key="C_CountryGroup">e7e714e1-17ee-4621-a020-53b66d377fce</C_CountryGroup_ID>
        <DateFrom/>
        <DateTo/>
    </C_CountryGroupCountry>
    <C_CountryGroupCountry type="table">
        <AD_Client_ID>0</AD_Client_ID>
        <AD_Org_ID>0</AD_Org_ID>
        <IsActive>true</IsActive>
        <C_CountryGroupCountry_UU>908806ba-ff78-4235-9380-d4933ec92b10</C_CountryGroupCountry_UU>
        <C_Country_ID reference="id">102</C_Country_ID>
        <C_CountryGroup_ID reference="uuid" reference-key="C_CountryGroup">e7e714e1-17ee-4621-a020-53b66d377fce</C_CountryGroup_ID>
        <DateFrom/>
        <DateTo/>
    </C_CountryGroupCountry>
    <C_CountryGroupCountry type="table">
        <AD_Client_ID>0</AD_Client_ID>
        <AD_Org_ID>0</AD_Org_ID>
        <IsActive>true</IsActive>
        <C_CountryGroupCountry_UU>68b1a21a-a4e0-4e28-96cb-4a7478f8fc58</C_CountryGroupCountry_UU>
        <C_Country_ID reference="id">192</C_Country_ID>
        <C_CountryGroup_ID reference="uuid" reference-key="C_CountryGroup">e7e714e1-17ee-4621-a020-53b66d377fce</C_CountryGroup_ID>
        <DateFrom/>
        <DateTo/>
    </C_CountryGroupCountry>
    <C_CountryGroupCountry type="table">
        <AD_Client_ID>0</AD_Client_ID>
        <AD_Org_ID>0</AD_Org_ID>
        <IsActive>true</IsActive>
        <C_CountryGroupCountry_UU>7192ba89-8247-4a47-b46f-b2c7039d1d62</C_CountryGroupCountry_UU>
        <C_Country_ID reference="id">212</C_Country_ID>
        <C_CountryGroup_ID reference="uuid" reference-key="C_CountryGroup">e7e714e1-17ee-4621-a020-53b66d377fce</C_CountryGroup_ID>
        <DateFrom/>
        <DateTo/>
    </C_CountryGroupCountry>
    <C_CountryGroupCountry type="table">
        <AD_Client_ID>0</AD_Client_ID>
        <AD_Org_ID>0</AD_Org_ID>
        <IsActive>true</IsActive>
        <C_CountryGroupCountry_UU>941ddc33-5e3b-49e2-99f1-1011a2e52262</C_CountryGroupCountry_UU>
        <C_Country_ID reference="id">163</C_Country_ID>
        <C_CountryGroup_ID reference="uuid" reference-key="C_CountryGroup">e7e714e1-17ee-4621-a020-53b66d377fce</C_CountryGroup_ID>
        <DateFrom/>
        <DateTo/>
    </C_CountryGroupCountry>
    <C_CountryGroupCountry type="table">
        <AD_Client_ID>0</AD_Client_ID>
        <AD_Org_ID>0</AD_Org_ID>
        <IsActive>true</IsActive>
        <C_CountryGroupCountry_UU>89cf718a-b250-4c35-97e6-aa282b06c5e2</C_CountryGroupCountry_UU>
        <C_Country_ID reference="id">226</C_Country_ID>
        <C_CountryGroup_ID reference="uuid" reference-key="C_CountryGroup">e7e714e1-17ee-4621-a020-53b66d377fce</C_CountryGroup_ID>
        <DateFrom/>
        <DateTo/>
    </C_CountryGroupCountry>
    <C_CountryGroupCountry type="table">
        <AD_Client_ID>0</AD_Client_ID>
        <AD_Org_ID>0</AD_Org_ID>
        <IsActive>true</IsActive>
        <C_CountryGroupCountry_UU>bd8908ec-5f95-4420-8e34-aba1567fb1f4</C_CountryGroupCountry_UU>
        <C_Country_ID reference="id">232</C_Country_ID>
        <C_CountryGroup_ID reference="uuid" reference-key="C_CountryGroup">e7e714e1-17ee-4621-a020-53b66d377fce</C_CountryGroup_ID>
        <DateFrom/>
        <DateTo/>
    </C_CountryGroupCountry>
    <C_CountryGroupCountry type="table">
        <AD_Client_ID>0</AD_Client_ID>
        <AD_Org_ID>0</AD_Org_ID>
        <IsActive>true</IsActive>
        <C_CountryGroupCountry_UU>92f14177-476c-4b47-af8e-c4e4ece36ad1</C_CountryGroupCountry_UU>
        <C_Country_ID reference="id">233</C_Country_ID>
        <C_CountryGroup_ID reference="uuid" reference-key="C_CountryGroup">e7e714e1-17ee-4621-a020-53b66d377fce</C_CountryGroup_ID>
        <DateFrom/>
        <DateTo/>
    </C_CountryGroupCountry>
    <C_CountryGroupCountry type="table">
        <AD_Client_ID>0</AD_Client_ID>
        <AD_Org_ID>0</AD_Org_ID>
        <IsActive>true</IsActive>
        <C_CountryGroupCountry_UU>5ef3c33e-44ea-42d7-b11e-c5d0a17f6a8e</C_CountryGroupCountry_UU>
        <C_Country_ID reference="id">241</C_Country_ID>
        <C_CountryGroup_ID reference="uuid" reference-key="C_CountryGroup">e7e714e1-17ee-4621-a020-53b66d377fce</C_CountryGroup_ID>
        <DateFrom/>
        <DateTo/>
    </C_CountryGroupCountry>
    <C_CountryGroupCountry type="table">
        <AD_Client_ID>0</AD_Client_ID>
        <AD_Org_ID>0</AD_Org_ID>
        <IsActive>true</IsActive>
        <C_CountryGroupCountry_UU>a4b8dacd-a986-41f5-b42f-a536dddcba01</C_CountryGroupCountry_UU>
        <C_Country_ID reference="id">105</C_Country_ID>
        <C_CountryGroup_ID reference="uuid" reference-key="C_CountryGroup">e7e714e1-17ee-4621-a020-53b66d377fce</C_CountryGroup_ID>
        <DateFrom/>
        <DateTo/>
    </C_CountryGroupCountry>
    <C_CountryGroupCountry type="table">
        <AD_Client_ID>0</AD_Client_ID>
        <AD_Org_ID>0</AD_Org_ID>
        <IsActive>true</IsActive>
        <C_CountryGroupCountry_UU>3812e129-f792-4a91-9ba0-562e6d058ca0</C_CountryGroupCountry_UU>
        <C_Country_ID reference="id">280</C_Country_ID>
        <C_CountryGroup_ID reference="uuid" reference-key="C_CountryGroup">e7e714e1-17ee-4621-a020-53b66d377fce</C_CountryGroup_ID>
        <DateFrom/>
        <DateTo/>
    </C_CountryGroupCountry>
    <C_CountryGroupCountry type="table">
        <AD_Client_ID>0</AD_Client_ID>
        <AD_Org_ID>0</AD_Org_ID>
        <IsActive>true</IsActive>
        <C_CountryGroupCountry_UU>170600a3-9d43-43ea-9fe4-97b6177d9165</C_CountryGroupCountry_UU>
        <C_Country_ID reference="id">281</C_Country_ID>
        <C_CountryGroup_ID reference="uuid" reference-key="C_CountryGroup">e7e714e1-17ee-4621-a020-53b66d377fce</C_CountryGroup_ID>
        <DateFrom/>
        <DateTo/>
    </C_CountryGroupCountry>
    <C_CountryGroupCountry type="table">
        <AD_Client_ID>0</AD_Client_ID>
        <AD_Org_ID>0</AD_Org_ID>
        <IsActive>true</IsActive>
        <C_CountryGroupCountry_UU>0f8bcc71-832c-4196-8ea9-b569296b4c66</C_CountryGroupCountry_UU>
        <C_Country_ID reference="id">285</C_Country_ID>
        <C_CountryGroup_ID reference="uuid" reference-key="C_CountryGroup">e7e714e1-17ee-4621-a020-53b66d377fce</C_CountryGroup_ID>
        <DateFrom/>
        <DateTo/>
    </C_CountryGroupCountry>
    <C_CountryGroupCountry type="table">
        <AD_Client_ID>0</AD_Client_ID>
        <AD_Org_ID>0</AD_Org_ID>
        <IsActive>true</IsActive>
        <C_CountryGroupCountry_UU>6e277b6f-1077-45e4-bf3e-a02793f16617</C_CountryGroupCountry_UU>
        <C_Country_ID reference="id">313</C_Country_ID>
        <C_CountryGroup_ID reference="uuid" reference-key="C_CountryGroup">e7e714e1-17ee-4621-a020-53b66d377fce</C_CountryGroup_ID>
        <DateFrom/>
        <DateTo/>
    </C_CountryGroupCountry>
    <C_CountryGroupCountry type="table">
        <AD_Client_ID>0</AD_Client_ID>
        <AD_Org_ID>0</AD_Org_ID>
        <IsActive>true</IsActive>
        <C_CountryGroupCountry_UU>95429525-e2ed-40a3-88a2-213a59a27863</C_CountryGroupCountry_UU>
        <C_Country_ID reference="id">301</C_Country_ID>
        <C_CountryGroup_ID reference="uuid" reference-key="C_CountryGroup">e7e714e1-17ee-4621-a020-53b66d377fce</C_CountryGroup_ID>
        <DateFrom/>
        <DateTo/>
    </C_CountryGroupCountry>
    <C_CountryGroupCountry type="table">
        <AD_Client_ID>0</AD_Client_ID>
        <AD_Org_ID>0</AD_Org_ID>
        <IsActive>true</IsActive>
        <C_CountryGroupCountry_UU>6ec5993f-993d-40f8-bb6f-987c7dde0ab4</C_CountryGroupCountry_UU>
        <C_Country_ID reference="id">302</C_Country_ID>
        <C_CountryGroup_ID reference="uuid" reference-key="C_CountryGroup">e7e714e1-17ee-4621-a020-53b66d377fce</C_CountryGroup_ID>
        <DateFrom/>
        <DateTo/>
    </C_CountryGroupCountry>
    <C_CountryGroupCountry type="table">
        <AD_Client_ID>0</AD_Client_ID>
        <AD_Org_ID>0</AD_Org_ID>
        <IsActive>true</IsActive>
        <C_CountryGroupCountry_UU>6a06af6b-5587-437e-9248-33b742c2402a</C_CountryGroupCountry_UU>
        <C_Country_ID reference="id">106</C_Country_ID>
        <C_CountryGroup_ID reference="uuid" reference-key="C_CountryGroup">e7e714e1-17ee-4621-a020-53b66d377fce</C_CountryGroup_ID>
        <DateFrom/>
        <DateTo/>
    </C_CountryGroupCountry>
    <C_CountryGroupCountry type="table">
        <AD_Client_ID>0</AD_Client_ID>
        <AD_Org_ID>0</AD_Org_ID>
        <IsActive>true</IsActive>
        <C_CountryGroupCountry_UU>4458b22e-0b63-4b92-b7e1-eb19b12f57b9</C_CountryGroupCountry_UU>
        <C_Country_ID reference="id">166</C_Country_ID>
        <C_CountryGroup_ID reference="uuid" reference-key="C_CountryGroup">e7e714e1-17ee-4621-a020-53b66d377fce</C_CountryGroup_ID>
        <DateFrom/>
        <DateTo/>
    </C_CountryGroupCountry>
    <C_CountryGroupCountry type="table">
        <AD_Client_ID>0</AD_Client_ID>
        <AD_Org_ID>0</AD_Org_ID>
        <IsActive>true</IsActive>
        <C_CountryGroupCountry_UU>90da86e6-8f4b-4871-a40d-54f860b3e54f</C_CountryGroupCountry_UU>
        <C_Country_ID reference="id">206</C_Country_ID>
        <C_CountryGroup_ID reference="uuid" reference-key="C_CountryGroup">e7e714e1-17ee-4621-a020-53b66d377fce</C_CountryGroup_ID>
        <DateFrom/>
        <DateTo/>
    </C_CountryGroupCountry>
    <C_CountryGroupCountry type="table">
        <AD_Client_ID>0</AD_Client_ID>
        <AD_Org_ID>0</AD_Org_ID>
        <IsActive>true</IsActive>
        <C_CountryGroupCountry_UU>fe3cde25-8ee9-42ed-b3c4-8790b130769c</C_CountryGroupCountry_UU>
        <C_Country_ID reference="id">333</C_Country_ID>
        <C_CountryGroup_ID reference="uuid" reference-key="C_CountryGroup">e7e714e1-17ee-4621-a020-53b66d377fce</C_CountryGroup_ID>
        <DateFrom/>
        <DateTo/>
    </C_CountryGroupCountry>
    <C_CountryGroupCountry type="table">
        <AD_Client_ID>0</AD_Client_ID>
        <AD_Org_ID>0</AD_Org_ID>
        <IsActive>true</IsActive>
        <C_CountryGroupCountry_UU>efed74b6-1aaf-4b4f-b0ca-6f8b5378053c</C_CountryGroupCountry_UU>
        <C_Country_ID reference="id">165</C_Country_ID>
        <C_CountryGroup_ID reference="uuid" reference-key="C_CountryGroup">e7e714e1-17ee-4621-a020-53b66d377fce</C_CountryGroup_ID>
        <DateFrom/>
        <DateTo/>
    </C_CountryGroupCountry>
</idempiere>
