<?xml version="1.0" encoding="UTF-8"?><idempiere Name="2Pack_1.0.5" Version="2Pack_1.0.4" idempiereVersion="" DataBaseVersion="" Description="" Author="" AuthorEmail="" CreatedDate="2025-01-29 17:33:58.12" UpdatedDate="2025-01-29 17:33:58.12" PackOutVersion="100" UpdateDictionary="false" Client="0-SYSTEM-System" AD_Client_UU="11237b53-9592-4af1-b3c5-afd216514b5d">
    <AD_Process type="table">
        <AD_Client_ID>0</AD_Client_ID>
        <AD_Org_ID>0</AD_Org_ID>
        <IsActive>Y</IsActive>
        <Name>Generate and send invoice</Name>
        <Description/>
        <Help/>
        <ProcedureName/>
        <IsReport>N</IsReport>
        <Value>BX_GenerateInvoiceMail</Value>
        <IsDirectPrint>N</IsDirectPrint>
        <AD_ReportView_ID reference="id"/>
        <Classname>de.bayen.freibier.process.InvoicePDFProcessor</Classname>
        <AccessLevel>3</AccessLevel>
        <EntityType>BAY</EntityType>
        <Statistic_Count>6</Statistic_Count>
        <Statistic_Seconds>33</Statistic_Seconds>
        <AD_PrintFormat_ID reference="id"/>
        <WorkflowValue/>
        <AD_Workflow_ID reference="id"/>
        <IsBetaFunctionality>N</IsBetaFunctionality>
        <ShowHelp>Y</ShowHelp>
        <JasperReport/>
        <AD_Form_ID reference="id"/>
        <CopyFromProcess>N</CopyFromProcess>
        <AD_Process_UU>f7cd1fa7-981e-4065-88b4-0680f7c60ce9</AD_Process_UU>
        <AD_CtxHelp_ID reference="id"/>
        <ExecutionType/>
        <AllowMultipleExecution>P</AllowMultipleExecution>
        <FileNamePattern/>
        <BXS_MBDashboard_ID reference="id"/>
        <BXS_MBIsOpenNewTab>N</BXS_MBIsOpenNewTab>
        <AD_Process_Trl type="translation">
            <Description/>
            <Help/>
            <Name>Rechnung generieren und senden</Name>
            <AD_Language>de_DE</AD_Language>
            <IsActive>Y</IsActive>
            <IsTranslated>Y</IsTranslated>
        </AD_Process_Trl>
        <AD_Process_Para type="table">
            <AD_Client_ID>0</AD_Client_ID>
            <AD_Org_ID>0</AD_Org_ID>
            <IsActive>Y</IsActive>
            <Name>Order</Name>
            <Description>Order</Description>
            <Help>The Order is a control document.  The  Order is complete when the quantity ordered is the same as the quantity shipped and invoiced.  When you close an order, unshipped (backordered) quantities are cancelled.</Help>
            <AD_Process_ID reference="uuid" reference-key="AD_Process">f7cd1fa7-981e-4065-88b4-0680f7c60ce9</AD_Process_ID>
            <SeqNo>10</SeqNo>
            <AD_Reference_ID reference="id">30</AD_Reference_ID>
            <AD_Reference_Value_ID reference="id"/>
            <IsRange>N</IsRange>
            <AD_Val_Rule_ID reference="id"/>
            <FieldLength>0</FieldLength>
            <IsMandatory>Y</IsMandatory>
            <DefaultValue>@C_Order_ID@</DefaultValue>
            <VFormat/>
            <ValueMin/>
            <ValueMax/>
            <ColumnName>C_Order_ID</ColumnName>
            <DefaultValue2/>
            <IsCentrallyMaintained>Y</IsCentrallyMaintained>
            <EntityType>U</EntityType>
            <AD_Element_ID reference="id">558</AD_Element_ID>
            <ReadOnlyLogic/>
            <DisplayLogic/>
            <AD_Process_Para_UU>f6e5ecf0-4a4d-4134-9071-7ef93c7ae466</AD_Process_Para_UU>
            <IsEncrypted>N</IsEncrypted>
            <MandatoryLogic/>
            <Query/>
            <AD_FieldGroup_ID reference="id"/>
            <Placeholder/>
            <Placeholder2/>
            <IsAutocomplete>N</IsAutocomplete>
            <DateRangeOption>D</DateRangeOption>
            <IsShowNegateButton>N</IsShowNegateButton>
            <AD_Process_Para_Trl type="translation">
                <Description>Order</Description>
                <Help>The Order is a control document.  The  Order is complete when the quantity ordered is the same as the quantity shipped and invoiced.  When you close an order, unshipped (backordered) quantities are cancelled.</Help>
                <Name>Order</Name>
                <Placeholder/>
                <Placeholder2/>
                <AD_Language>de_DE</AD_Language>
                <IsActive>Y</IsActive>
                <IsTranslated>Y</IsTranslated>
            </AD_Process_Para_Trl>
        </AD_Process_Para>
        <AD_Process_Para type="table">
            <AD_Client_ID>0</AD_Client_ID>
            <AD_Org_ID>0</AD_Org_ID>
            <IsActive>Y</IsActive>
            <Name>EMail PDF</Name>
            <Description>Email Document PDF files to Business Partner</Description>
            <Help/>
            <AD_Process_ID reference="uuid" reference-key="AD_Process">f7cd1fa7-981e-4065-88b4-0680f7c60ce9</AD_Process_ID>
            <SeqNo>20</SeqNo>
            <AD_Reference_ID reference="id">20</AD_Reference_ID>
            <AD_Reference_Value_ID reference="id"/>
            <IsRange>N</IsRange>
            <AD_Val_Rule_ID reference="id"/>
            <FieldLength>0</FieldLength>
            <IsMandatory>Y</IsMandatory>
            <DefaultValue>N</DefaultValue>
            <VFormat/>
            <ValueMin/>
            <ValueMax/>
            <ColumnName>EMailPDF</ColumnName>
            <DefaultValue2/>
            <IsCentrallyMaintained>Y</IsCentrallyMaintained>
            <EntityType>U</EntityType>
            <AD_Element_ID reference="id">1953</AD_Element_ID>
            <ReadOnlyLogic/>
            <DisplayLogic/>
            <AD_Process_Para_UU>36cdcac2-10fe-4e37-86c6-d5c2539a6ba2</AD_Process_Para_UU>
            <IsEncrypted>N</IsEncrypted>
            <MandatoryLogic/>
            <Query/>
            <AD_FieldGroup_ID reference="id"/>
            <Placeholder/>
            <Placeholder2/>
            <IsAutocomplete>N</IsAutocomplete>
            <DateRangeOption>D</DateRangeOption>
            <IsShowNegateButton>N</IsShowNegateButton>
            <AD_Process_Para_Trl type="translation">
                <Description>Email Document PDF files to Business Partner</Description>
                <Help/>
                <Name>EMail PDF</Name>
                <Placeholder/>
                <Placeholder2/>
                <AD_Language>de_DE</AD_Language>
                <IsActive>Y</IsActive>
                <IsTranslated>Y</IsTranslated>
            </AD_Process_Para_Trl>
        </AD_Process_Para>
    </AD_Process>
    <AD_ToolBarButton type="table">
        <AD_Client_ID>0</AD_Client_ID>
        <AD_Org_ID>0</AD_Org_ID>
        <ComponentName>GenerateInvoiceAndMail</ComponentName>
        <IsActive>Y</IsActive>
        <Name>Rechnung per Mail schicken</Name>
        <IsCustomization>N</IsCustomization>
        <ActionClassName/>
        <ActionName/>
        <KeyStroke_KeyCode/>
        <KeyStroke_Modifiers/>
        <AD_ToolBarButton_UU>01b47a0d-c15c-4177-85c1-cb24665e1cb1</AD_ToolBarButton_UU>
        <Action>W</Action>
        <AD_Tab_ID reference="uuid" reference-key="AD_Tab">a08e5d03-e8fa-4320-808a-3872fc0125c8</AD_Tab_ID>
        <AD_Process_ID reference="uuid" reference-key="AD_Process">f7cd1fa7-981e-4065-88b4-0680f7c60ce9</AD_Process_ID>
        <DisplayLogic>@DocStatus@='CO'</DisplayLogic>
        <SeqNo>20</SeqNo>
        <IsAdvancedButton>N</IsAdvancedButton>
        <IsAddSeparator>N</IsAddSeparator>
        <ReadOnlyLogic/>
        <PressedLogic/>
        <EntityType>BAY</EntityType>
        <IsShowMore>N</IsShowMore>
    </AD_ToolBarButton>
</idempiere>
