<?xml version="1.0" encoding="UTF-8"?><idempiere Name="TaxAdditionalFields" Version="1.0.1" idempiereVersion="" DataBaseVersion="" Description="Three additional fields for C_Tax:&#10;* Help - allows to describe better the reasons for a tax. And it allows to use the description field for other purposes (output text in invoice regarding to special laws e.g. for &quot;Reverse Charge Tax&quot;)&#10;* RevenueBaseCode, SalesTaxCode, PurchaseTaxCode - Codes that can be used to enter the tax values in a tax declaration form" Author="" AuthorEmail="tbayen@bayen.de" CreatedDate="2014-08-23 07:39:45.055" UpdatedDate="2014-08-23 09:41:17.707" PackOutVersion="100" UpdateDictionary="false" Client="0-SYSTEM-System" AD_Client_UU="11237b53-9592-4af1-b3c5-afd216514b5d">
    <AD_Package_Exp type="table">
        <AD_Client_ID>0</AD_Client_ID>
        <AD_Org_ID>0</AD_Org_ID>
        <Processing>false</Processing>
        <Version/>
        <Processed>false</Processed>
        <PK_Version>1.0.1</PK_Version>
        <AD_Package_Type>X</AD_Package_Type>
        <Description>Three additional fields for C_Tax:
* Help - allows to describe better the reasons for a tax. And it allows to use the description field for other purposes (output text in invoice regarding to special laws e.g. for "Reverse Charge Tax")
* RevenueBaseCode, SalesTaxCode, PurchaseTaxCode - Codes that can be used to enter the tax values in a tax declaration form</Description>
        <Name>TaxAdditionalFields</Name>
        <UserName/>
        <AD_Package_Exp_UU>d593e0ce-578b-45f7-9686-df2dd96c50ed</AD_Package_Exp_UU>
        <ReleaseNo/>
        <DateFrom>2014-08-23 00:00:00.0</DateFrom>
        <IsActive>true</IsActive>
        <EMail>tbayen@bayen.de</EMail>
        <File_Directory/>
        <Instructions/>
        <IsExportDictionaryEntity>false</IsExportDictionaryEntity>
    </AD_Package_Exp>
    <AD_Package_Exp_Detail type="table">
        <AD_Client_ID>0</AD_Client_ID>
        <AD_Org_ID>0</AD_Org_ID>
        <AD_Table_ID reference="id">50005</AD_Table_ID>
        <ReleaseNo/>
        <AD_Window_ID reference="id"/>
        <Target_Directory/>
        <DBType>ALL</DBType>
        <Destination_Directory/>
        <Processed>false</Processed>
        <AD_Workbench_ID reference="id"/>
        <AD_Package_Code_Old/>
        <AD_ImpFormat_ID reference="id"/>
        <AD_ReportView_ID reference="id"/>
        <AD_Val_Rule_ID reference="id"/>
        <AD_Package_Code_New/>
        <Name2/>
        <Destination_FileName/>
        <FileName/>
        <Description/>
        <AD_Package_Exp_Detail_UU>65b041bb-8e89-481c-ac4d-d142cd420148</AD_Package_Exp_Detail_UU>
        <Type>D</Type>
        <Processing>false</Processing>
        <IsActive>true</IsActive>
        <Line>10</Line>
        <File_Directory/>
        <AD_EntityType_ID reference="id"/>
        <AD_Form_ID reference="id"/>
        <AD_Menu_ID reference="id"/>
        <AD_Message_ID reference="id"/>
        <AD_ModelValidator_ID reference="id"/>
        <AD_Package_Exp_ID reference="uuid" reference-key="AD_Package_Exp">d593e0ce-578b-45f7-9686-df2dd96c50ed</AD_Package_Exp_ID>
        <AD_PrintFormat_ID reference="id"/>
        <AD_Process_ID reference="id"/>
        <AD_Reference_ID reference="id"/>
        <AD_Role_ID reference="id">0</AD_Role_ID>
        <AD_Workflow_ID reference="id"/>
        <SQLStatement>SELECT * FROM AD_Package_Exp WHERE AD_Package_Exp.Name='TaxAdditionalFields'</SQLStatement>
    </AD_Package_Exp_Detail>
    <AD_Package_Exp_Detail type="table">
        <AD_Client_ID>0</AD_Client_ID>
        <AD_Org_ID>0</AD_Org_ID>
        <AD_Table_ID reference="id">50006</AD_Table_ID>
        <ReleaseNo/>
        <AD_Window_ID reference="id"/>
        <Target_Directory/>
        <DBType>ALL</DBType>
        <Destination_Directory/>
        <Processed>false</Processed>
        <AD_Workbench_ID reference="id"/>
        <AD_Package_Code_Old/>
        <AD_ImpFormat_ID reference="id"/>
        <AD_ReportView_ID reference="id"/>
        <AD_Val_Rule_ID reference="id"/>
        <AD_Package_Code_New/>
        <Name2/>
        <Destination_FileName/>
        <FileName/>
        <Description/>
        <AD_Package_Exp_Detail_UU>20767c67-501f-4e4d-a307-f5aebf5bcf16</AD_Package_Exp_Detail_UU>
        <Type>D</Type>
        <Processing>false</Processing>
        <IsActive>true</IsActive>
        <Line>20</Line>
        <File_Directory/>
        <AD_EntityType_ID reference="id"/>
        <AD_Form_ID reference="id"/>
        <AD_Menu_ID reference="id"/>
        <AD_Message_ID reference="id"/>
        <AD_ModelValidator_ID reference="id"/>
        <AD_Package_Exp_ID reference="uuid" reference-key="AD_Package_Exp">d593e0ce-578b-45f7-9686-df2dd96c50ed</AD_Package_Exp_ID>
        <AD_PrintFormat_ID reference="id"/>
        <AD_Process_ID reference="id"/>
        <AD_Reference_ID reference="id"/>
        <AD_Role_ID reference="id">0</AD_Role_ID>
        <AD_Workflow_ID reference="id"/>
        <SQLStatement>SELECT * FROM AD_Package_Exp_Detail WHERE AD_Package_Exp_ID= (SELECT AD_Package_Exp_ID FROM AD_Package_Exp WHERE AD_Package_Exp.Name='TaxAdditionalFields')</SQLStatement>
    </AD_Package_Exp_Detail>
    <AD_Package_Exp_Detail type="table">
        <AD_Client_ID>0</AD_Client_ID>
        <AD_Org_ID>0</AD_Org_ID>
        <AD_Table_ID reference="id">261</AD_Table_ID>
        <ReleaseNo/>
        <AD_Window_ID reference="id"/>
        <Target_Directory/>
        <DBType>ALL</DBType>
        <Destination_Directory/>
        <Processed>false</Processed>
        <AD_Workbench_ID reference="id"/>
        <AD_Package_Code_Old/>
        <AD_ImpFormat_ID reference="id"/>
        <AD_ReportView_ID reference="id"/>
        <AD_Val_Rule_ID reference="id"/>
        <AD_Package_Code_New/>
        <Name2/>
        <Destination_FileName/>
        <FileName/>
        <Description/>
        <AD_Package_Exp_Detail_UU>1b23e5c9-c59f-4bdc-b32b-a5ffcddc3417</AD_Package_Exp_Detail_UU>
        <Type>T</Type>
        <Processing>false</Processing>
        <IsActive>true</IsActive>
        <Line>30</Line>
        <File_Directory/>
        <AD_EntityType_ID reference="id"/>
        <AD_Form_ID reference="id"/>
        <AD_Menu_ID reference="id"/>
        <AD_Message_ID reference="id"/>
        <AD_ModelValidator_ID reference="id"/>
        <AD_Package_Exp_ID reference="uuid" reference-key="AD_Package_Exp">d593e0ce-578b-45f7-9686-df2dd96c50ed</AD_Package_Exp_ID>
        <AD_PrintFormat_ID reference="id"/>
        <AD_Process_ID reference="id"/>
        <AD_Reference_ID reference="id"/>
        <AD_Role_ID reference="id">0</AD_Role_ID>
        <AD_Workflow_ID reference="id"/>
        <SQLStatement/>
    </AD_Package_Exp_Detail>
    <AD_Package_Exp_Detail type="table">
        <AD_Client_ID>0</AD_Client_ID>
        <AD_Org_ID>0</AD_Org_ID>
        <AD_Table_ID reference="id"/>
        <ReleaseNo/>
        <AD_Window_ID reference="id">137</AD_Window_ID>
        <Target_Directory/>
        <DBType>ALL</DBType>
        <Destination_Directory/>
        <Processed>false</Processed>
        <AD_Workbench_ID reference="id"/>
        <AD_Package_Code_Old/>
        <AD_ImpFormat_ID reference="id"/>
        <AD_ReportView_ID reference="id"/>
        <AD_Val_Rule_ID reference="id"/>
        <AD_Package_Code_New/>
        <Name2/>
        <Destination_FileName/>
        <FileName/>
        <Description/>
        <AD_Package_Exp_Detail_UU>3adb4d89-3ce1-4ab2-968b-11f86913f858</AD_Package_Exp_Detail_UU>
        <Type>W</Type>
        <Processing>false</Processing>
        <IsActive>true</IsActive>
        <Line>40</Line>
        <File_Directory/>
        <AD_EntityType_ID reference="id"/>
        <AD_Form_ID reference="id"/>
        <AD_Menu_ID reference="id"/>
        <AD_Message_ID reference="id"/>
        <AD_ModelValidator_ID reference="id"/>
        <AD_Package_Exp_ID reference="uuid" reference-key="AD_Package_Exp">d593e0ce-578b-45f7-9686-df2dd96c50ed</AD_Package_Exp_ID>
        <AD_PrintFormat_ID reference="id"/>
        <AD_Process_ID reference="id"/>
        <AD_Reference_ID reference="id"/>
        <AD_Role_ID reference="id">0</AD_Role_ID>
        <AD_Workflow_ID reference="id"/>
        <SQLStatement/>
    </AD_Package_Exp_Detail>
    <AD_Package_Exp_Detail type="table">
        <AD_Client_ID>0</AD_Client_ID>
        <AD_Org_ID>0</AD_Org_ID>
        <AD_Table_ID reference="id">654</AD_Table_ID>
        <ReleaseNo/>
        <AD_Window_ID reference="id"/>
        <Target_Directory/>
        <DBType>ALL</DBType>
        <Destination_Directory/>
        <Processed>false</Processed>
        <AD_Workbench_ID reference="id"/>
        <AD_Package_Code_Old/>
        <AD_ImpFormat_ID reference="id"/>
        <AD_ReportView_ID reference="id"/>
        <AD_Val_Rule_ID reference="id"/>
        <AD_Package_Code_New/>
        <Name2/>
        <Destination_FileName/>
        <FileName/>
        <Description/>
        <AD_Package_Exp_Detail_UU>3c73184f-3307-49fb-b846-219f86e318d0</AD_Package_Exp_Detail_UU>
        <Type>T</Type>
        <Processing>false</Processing>
        <IsActive>true</IsActive>
        <Line>60</Line>
        <File_Directory/>
        <AD_EntityType_ID reference="id"/>
        <AD_Form_ID reference="id"/>
        <AD_Menu_ID reference="id"/>
        <AD_Message_ID reference="id"/>
        <AD_ModelValidator_ID reference="id"/>
        <AD_Package_Exp_ID reference="uuid" reference-key="AD_Package_Exp">d593e0ce-578b-45f7-9686-df2dd96c50ed</AD_Package_Exp_ID>
        <AD_PrintFormat_ID reference="id"/>
        <AD_Process_ID reference="id"/>
        <AD_Reference_ID reference="id"/>
        <AD_Role_ID reference="id">0</AD_Role_ID>
        <AD_Workflow_ID reference="id"/>
        <SQLStatement/>
    </AD_Package_Exp_Detail>
    <AD_Package_Exp_Detail type="table">
        <AD_Client_ID>0</AD_Client_ID>
        <AD_Org_ID>0</AD_Org_ID>
        <AD_Table_ID reference="id"/>
        <ReleaseNo/>
        <AD_Window_ID reference="id"/>
        <Target_Directory/>
        <DBType>Postgres</DBType>
        <Destination_Directory/>
        <Processed>false</Processed>
        <AD_Workbench_ID reference="id"/>
        <AD_Package_Code_Old/>
        <AD_ImpFormat_ID reference="id"/>
        <AD_ReportView_ID reference="id"/>
        <AD_Val_Rule_ID reference="id"/>
        <AD_Package_Code_New/>
        <Name2/>
        <Destination_FileName/>
        <FileName/>
        <Description>create three additional columns in this report view</Description>
        <AD_Package_Exp_Detail_UU>0c1bb0a3-5b9f-4129-81d0-32841ecf8a90</AD_Package_Exp_Detail_UU>
        <Type>SQL</Type>
        <Processing>false</Processing>
        <IsActive>true</IsActive>
        <Line>50</Line>
        <File_Directory/>
        <AD_EntityType_ID reference="id"/>
        <AD_Form_ID reference="id"/>
        <AD_Menu_ID reference="id"/>
        <AD_Message_ID reference="id"/>
        <AD_ModelValidator_ID reference="id"/>
        <AD_Package_Exp_ID reference="uuid" reference-key="AD_Package_Exp">d593e0ce-578b-45f7-9686-df2dd96c50ed</AD_Package_Exp_ID>
        <AD_PrintFormat_ID reference="id"/>
        <AD_Process_ID reference="id"/>
        <AD_Reference_ID reference="id"/>
        <AD_Role_ID reference="id">0</AD_Role_ID>
        <AD_Workflow_ID reference="id"/>
        <SQLStatement>CREATE OR REPLACE VIEW adempiere.rv_c_invoicetax AS 
 SELECT i.ad_client_id, i.ad_org_id, i.isactive, t.created, t.createdby, t.updated, t.updatedby, t.c_tax_id, i.c_invoice_id, i.c_doctype_id, i.c_bpartner_id, bp.taxid, bp.istaxexempt, i.dateacct, i.dateinvoiced, i.issotrx, i.documentno, i.ispaid, i.c_currency_id, 
        CASE
            WHEN charat(d.docbasetype::character varying, 3)::text = 'C'::text THEN t.taxbaseamt * (-1)::numeric
            ELSE t.taxbaseamt
        END AS taxbaseamt, 
        CASE
            WHEN charat(d.docbasetype::character varying, 3)::text = 'C'::text THEN t.taxamt * (-1)::numeric
            ELSE t.taxamt
        END AS taxamt, 
        CASE
            WHEN charat(d.docbasetype::character varying, 3)::text = 'C'::text THEN (t.taxbaseamt + t.taxamt) * (-1)::numeric
            ELSE t.taxbaseamt + t.taxamt
        END AS taxlinetotal, 
        CASE
            WHEN charat(d.docbasetype::character varying, 3)::text = 'C'::text THEN (-1)
            ELSE 1
        END AS multiplier, t.ad_org_id AS c_invoicetax_ad_org_id, t.isactive AS c_invoicetax_isactive, t.istaxincluded AS c_invoicetax_istaxincluded, t.processed AS c_invoicetax_processed, i.ad_orgtrx_id AS c_invoice_ad_orgtrx_id, i.ad_user_id, i.c_bpartner_location_id, i.c_activity_id, i.c_campaign_id, i.c_charge_id, i.c_conversiontype_id, i.c_doctypetarget_id, i.c_dunninglevel_id, i.chargeamt, i.c_order_id, i.c_payment_id, i.c_paymentterm_id AS c_invoice_c_paymentterm_id, i.created AS c_invoice_created, i.createdby AS c_invoice_createdby, i.dateprinted, i.description AS c_invoice_description, i.docaction, i.docstatus, i.dunninggrace, i.generateto, i.invoicecollectiontype, i.isapproved, i.isdiscountprinted, i.isindispute, i.ispayschedulevalid, i.isprinted, i.isselfservice AS c_invoice_isselfservice, i.istaxincluded AS c_invoice_istaxincluded, i.istransferred, i.m_pricelist_id, i.m_rma_id, i.paymentrule, i.poreference AS c_invoice_poreference, i.posted, i.processedon, i.processing, i.ref_invoice_id, i.reversal_id, i.salesrep_id, i.sendemail, i.totallines, i.updated AS c_invoice_updated, i.updatedby AS c_invoice_updatedby, i.user1_id, i.user2_id, bp.acqusitioncost AS c_bp_acqusitioncost, bp.actuallifetimevalue AS c_bp_actuallifetimevalue, bp.ad_language AS c_bp_ad_language, bp.ad_orgbp_id AS c_bp_ad_orgbp_id, bp.ad_org_id AS c_bp_ad_org_id, bp.bpartner_parent_id AS c_bp_bpartner_parent_id, bp.c_bp_group_id AS c_bp_c_bp_group_id, bp.c_dunning_id AS c_bp_c_dunning_id, bp.c_greeting_id AS c_bp_c_greeting_id, bp.c_invoiceschedule_id AS c_bp_c_invoiceschedule_id, bp.c_paymentterm_id AS c_bp_c_paymentterm_id, bp.created AS c_bp_created, bp.createdby AS c_bp_createdby, bp.c_taxgroup_id AS c_bp_c_taxgroup_id, bp.deliveryrule AS c_bp_deliveryrule, bp.deliveryviarule AS c_bp_deliveryviarule, bp.description AS c_bp_description, bp.dunninggrace AS c_bp_dunninggrace, bp.duns, bp.firstsale AS c_bp_firstsale, bp.flatdiscount AS c_bp_flatdiscount, bp.freightcostrule AS c_bp_freightcostrule, bp.invoicerule AS c_bp_invoicerule, bp.isactive AS c_bp_isactive, bp.iscustomer AS c_bp_iscustomer, bp.isdiscountprinted AS c_bp_isdiscountprinted, bp.isemployee AS c_bp_isemployee, bp.ismanufacturer AS c_bp_ismanufacturer, bp.isonetime AS c_bp_isonetime, bp.ispotaxexempt AS c_bp_ispotaxexempt, bp.isprospect AS c_bp_isprospect, bp.issalesrep AS c_bp_issalesrep, bp.issummary AS c_bp_issummary, bp.isvendor, bp.logo_id AS c_bp_logo_id, bp.m_discountschema_id, bp.m_pricelist_id AS c_bp_m_pricelist_id, bp.naics, bp.name AS c_bp_name, bp.name2 AS c_bp_name2, bp.numberemployees, bp.paymentrule AS c_bp_paymentrule, bp.paymentrulepo AS c_bp_paymentrulepo, bp.po_discountschema_id, bp.po_paymentterm_id, bp.po_pricelist_id, bp.poreference AS c_bp_poreference, bp.potentiallifetimevalue, bp.rating AS c_bp_rating, bp.salesrep_id AS c_bp_salesrep_id, bp.salesvolume, bp.sendemail AS c_bp_sendemail, bp.shareofcustomer, bp.shelflifeminpct, bp.so_creditlimit, bp.socreditstatus, bp.so_creditused, bp.so_description, bp.totalopenbalance AS c_bp_totalopenbalance, bp.updated AS c_bp_updated, bp.updatedby AS c_bp_updatedby, bp.url AS c_bp_url, bp.value AS c_bp_value
        ,
        tax.RevenueBaseCode, tax.SalesTaxCode, tax.PurchaseTaxCode
   FROM c_invoicetax t
   JOIN c_invoice i ON t.c_invoice_id = i.c_invoice_id
   JOIN c_doctype d ON i.c_doctype_id = d.c_doctype_id
   JOIN c_bpartner bp ON i.c_bpartner_id = bp.c_bpartner_id
   JOIN C_Tax tax ON t.C_Tax_ID=tax.C_Tax_ID
   </SQLStatement>
    </AD_Package_Exp_Detail>
    <AD_Column type="table">
        <IsSyncDatabase>Y</IsSyncDatabase>
        <AD_Table_ID reference="id">261</AD_Table_ID>
        <AD_Reference_Value_ID reference="id"/>
        <AD_Client_ID>0</AD_Client_ID>
        <AD_Org_ID>0</AD_Org_ID>
        <SeqNoSelection>0</SeqNoSelection>
        <Version>0</Version>
        <ValueMax/>
        <IsMandatory>false</IsMandatory>
        <IsTranslated>false</IsTranslated>
        <IsIdentifier>false</IsIdentifier>
        <SeqNo>0</SeqNo>
        <ValueMin/>
        <IsParent>false</IsParent>
        <FieldLength>2000</FieldLength>
        <IsSelectionColumn>false</IsSelectionColumn>
        <IsKey>false</IsKey>
        <AD_Process_ID reference="id"/>
        <ReadOnlyLogic/>
        <IsAutocomplete>false</IsAutocomplete>
        <IsAllowLogging>true</IsAllowLogging>
        <MandatoryLogic/>
        <FormatPattern/>
        <AD_Column_UU>76089cda-750b-406f-aa1b-ffd96af7e011</AD_Column_UU>
        <IsUpdateable>true</IsUpdateable>
        <Callout/>
        <ColumnName>Help</ColumnName>
        <Description>Comment or Hint</Description>
        <ColumnSQL/>
        <DefaultValue/>
        <Help>The Help field contains a hint, comment or help about the use of this item.</Help>
        <Name>Comment/Help</Name>
        <IsAllowCopy>true</IsAllowCopy>
        <IsActive>true</IsActive>
        <IsToolbarButton>false</IsToolbarButton>
        <IsAlwaysUpdateable>false</IsAlwaysUpdateable>
        <EntityType>BAY</EntityType>
        <VFormat/>
        <IsEncrypted>N</IsEncrypted>
        <IsSecure>false</IsSecure>
        <AD_Chart_ID reference="id"/>
        <FKConstraintType>N</FKConstraintType>
        <FKConstraintName/>
        <AD_Element_ID reference="id">326</AD_Element_ID>
        <AD_Reference_ID reference="id">14</AD_Reference_ID>
        <AD_Val_Rule_ID reference="id"/>
    </AD_Column>
    <AD_Element type="table">
        <AD_Client_ID>0</AD_Client_ID>
        <AD_Org_ID>0</AD_Org_ID>
        <ColumnName>RevenueBaseCode</ColumnName>
        <Help>Tax code for the field number in the tax declaration form. This code is determined by the tax authorities (e.g. in germany or sweden).</Help>
        <PO_Description/>
        <PO_Help/>
        <PO_PrintName/>
        <Name>Revenue Base Code</Name>
        <Description/>
        <PrintName>Revenue Base Code</PrintName>
        <PO_Name/>
        <AD_Element_UU>2e3a87ec-b377-483c-9c76-0e341d5745bc</AD_Element_UU>
        <IsActive>true</IsActive>
        <EntityType>BAY</EntityType>
        <AD_Element_Trl type="translation">
            <Help/>
            <PO_Description/>
            <PO_Help/>
            <PO_PrintName/>
            <Name>Revenue Base Code</Name>
            <Description/>
            <PrintName>Revenue Base Code</PrintName>
            <PO_Name/>
            <AD_Language>es_CO</AD_Language>
            <IsActive>true</IsActive>
            <IsTranslated>false</IsTranslated>
        </AD_Element_Trl>
        <AD_Element_Trl type="translation">
            <Help/>
            <PO_Description/>
            <PO_Help/>
            <PO_PrintName/>
            <Name>Revenue Base Code</Name>
            <Description/>
            <PrintName>Revenue Base Code</PrintName>
            <PO_Name/>
            <AD_Language>de_DE</AD_Language>
            <IsActive>true</IsActive>
            <IsTranslated>false</IsTranslated>
        </AD_Element_Trl>
    </AD_Element>
    <AD_Column type="table">
        <IsSyncDatabase>Y</IsSyncDatabase>
        <AD_Table_ID reference="id">261</AD_Table_ID>
        <AD_Reference_Value_ID reference="id"/>
        <AD_Client_ID>0</AD_Client_ID>
        <AD_Org_ID>0</AD_Org_ID>
        <SeqNoSelection>0</SeqNoSelection>
        <Version>0</Version>
        <ValueMax/>
        <IsMandatory>false</IsMandatory>
        <IsTranslated>false</IsTranslated>
        <IsIdentifier>false</IsIdentifier>
        <SeqNo>0</SeqNo>
        <ValueMin/>
        <IsParent>false</IsParent>
        <FieldLength>3</FieldLength>
        <IsSelectionColumn>false</IsSelectionColumn>
        <IsKey>false</IsKey>
        <AD_Process_ID reference="id"/>
        <ReadOnlyLogic/>
        <IsAutocomplete>false</IsAutocomplete>
        <IsAllowLogging>true</IsAllowLogging>
        <MandatoryLogic/>
        <FormatPattern/>
        <AD_Column_UU>9acef6b7-963e-4bd4-b807-cefb698f1402</AD_Column_UU>
        <IsUpdateable>true</IsUpdateable>
        <Callout/>
        <ColumnName>RevenueBaseCode</ColumnName>
        <Description/>
        <ColumnSQL/>
        <DefaultValue/>
        <Help>Tax code for the field number in the tax declaration form. This code is determined by the tax authorities (e.g. in germany or sweden).</Help>
        <Name>Revenue Base Code</Name>
        <IsAllowCopy>true</IsAllowCopy>
        <IsActive>true</IsActive>
        <IsToolbarButton>false</IsToolbarButton>
        <IsAlwaysUpdateable>false</IsAlwaysUpdateable>
        <EntityType>BAY</EntityType>
        <VFormat/>
        <IsEncrypted>N</IsEncrypted>
        <IsSecure>false</IsSecure>
        <AD_Chart_ID reference="id"/>
        <FKConstraintType>N</FKConstraintType>
        <FKConstraintName/>
        <AD_Element_ID reference="uuid" reference-key="AD_Element">2e3a87ec-b377-483c-9c76-0e341d5745bc</AD_Element_ID>
        <AD_Reference_ID reference="id">10</AD_Reference_ID>
        <AD_Val_Rule_ID reference="id"/>
    </AD_Column>
    <AD_Element type="table">
        <AD_Client_ID>0</AD_Client_ID>
        <AD_Org_ID>0</AD_Org_ID>
        <ColumnName>SalesTaxCode</ColumnName>
        <Help>Tax code for the field number in the tax declaration form. This code is determined by the tax authorities (e.g. in germany or sweden).</Help>
        <PO_Description/>
        <PO_Help/>
        <PO_PrintName/>
        <Name>Sales Tax Code</Name>
        <Description>Sales Tax Code</Description>
        <PrintName>Sales Tax Code</PrintName>
        <PO_Name/>
        <AD_Element_UU>2096189a-e002-4661-afe2-00101fbd96fc</AD_Element_UU>
        <IsActive>true</IsActive>
        <EntityType>BAY</EntityType>
        <AD_Element_Trl type="translation">
            <Help>Tax code for the field number in the tax declaration form. This code is determined by the tax authorities (e.g. in germany or sweden).</Help>
            <PO_Description/>
            <PO_Help/>
            <PO_PrintName/>
            <Name>Sales Tax Code</Name>
            <Description>Sales Tax Code</Description>
            <PrintName>Sales Tax Code</PrintName>
            <PO_Name/>
            <AD_Language>es_CO</AD_Language>
            <IsActive>true</IsActive>
            <IsTranslated>false</IsTranslated>
        </AD_Element_Trl>
        <AD_Element_Trl type="translation">
            <Help>Tax code for the field number in the tax declaration form. This code is determined by the tax authorities (e.g. in germany or sweden).</Help>
            <PO_Description/>
            <PO_Help/>
            <PO_PrintName/>
            <Name>Sales Tax Code</Name>
            <Description>Sales Tax Code</Description>
            <PrintName>Sales Tax Code</PrintName>
            <PO_Name/>
            <AD_Language>de_DE</AD_Language>
            <IsActive>true</IsActive>
            <IsTranslated>false</IsTranslated>
        </AD_Element_Trl>
    </AD_Element>
    <AD_Column type="table">
        <IsSyncDatabase>Y</IsSyncDatabase>
        <AD_Table_ID reference="id">261</AD_Table_ID>
        <AD_Reference_Value_ID reference="id"/>
        <AD_Client_ID>0</AD_Client_ID>
        <AD_Org_ID>0</AD_Org_ID>
        <SeqNoSelection>0</SeqNoSelection>
        <Version>0</Version>
        <ValueMax/>
        <IsMandatory>false</IsMandatory>
        <IsTranslated>false</IsTranslated>
        <IsIdentifier>false</IsIdentifier>
        <SeqNo>0</SeqNo>
        <ValueMin/>
        <IsParent>false</IsParent>
        <FieldLength>3</FieldLength>
        <IsSelectionColumn>false</IsSelectionColumn>
        <IsKey>false</IsKey>
        <AD_Process_ID reference="id"/>
        <ReadOnlyLogic>@Rate@=0</ReadOnlyLogic>
        <IsAutocomplete>false</IsAutocomplete>
        <IsAllowLogging>true</IsAllowLogging>
        <MandatoryLogic/>
        <FormatPattern/>
        <AD_Column_UU>6963f966-dc2b-44eb-be9a-28b54dbca644</AD_Column_UU>
        <IsUpdateable>true</IsUpdateable>
        <Callout/>
        <ColumnName>SalesTaxCode</ColumnName>
        <Description>Sales Tax Code</Description>
        <ColumnSQL/>
        <DefaultValue/>
        <Help>Tax code for the field number in the tax declaration form. This code is determined by the tax authorities (e.g. in germany or sweden).</Help>
        <Name>Sales Tax Code</Name>
        <IsAllowCopy>true</IsAllowCopy>
        <IsActive>true</IsActive>
        <IsToolbarButton>false</IsToolbarButton>
        <IsAlwaysUpdateable>false</IsAlwaysUpdateable>
        <EntityType>BAY</EntityType>
        <VFormat/>
        <IsEncrypted>N</IsEncrypted>
        <IsSecure>false</IsSecure>
        <AD_Chart_ID reference="id"/>
        <FKConstraintType>N</FKConstraintType>
        <FKConstraintName/>
        <AD_Element_ID reference="uuid" reference-key="AD_Element">2096189a-e002-4661-afe2-00101fbd96fc</AD_Element_ID>
        <AD_Reference_ID reference="id">10</AD_Reference_ID>
        <AD_Val_Rule_ID reference="id"/>
    </AD_Column>
    <AD_Element type="table">
        <AD_Client_ID>0</AD_Client_ID>
        <AD_Org_ID>0</AD_Org_ID>
        <ColumnName>PurchaseTaxCode</ColumnName>
        <Help>Tax code for the field number in the tax declaration form. This code is determined by the tax authorities (e.g. in germany or sweden).</Help>
        <PO_Description/>
        <PO_Help/>
        <PO_PrintName/>
        <Name>Purchase Tax Code</Name>
        <Description>Purchase Tax Code</Description>
        <PrintName>Purchase Tax Code</PrintName>
        <PO_Name/>
        <AD_Element_UU>06cfb497-64fb-4ad0-870c-5cf4661465d7</AD_Element_UU>
        <IsActive>true</IsActive>
        <EntityType>BAY</EntityType>
        <AD_Element_Trl type="translation">
            <Help>Tax code for the field number in the tax declaration form. This code is determined by the tax authorities (e.g. in germany or sweden).</Help>
            <PO_Description/>
            <PO_Help/>
            <PO_PrintName/>
            <Name>Purchase Tax Code</Name>
            <Description>Purchase Tax Code</Description>
            <PrintName>Purchase Tax Code</PrintName>
            <PO_Name/>
            <AD_Language>es_CO</AD_Language>
            <IsActive>true</IsActive>
            <IsTranslated>false</IsTranslated>
        </AD_Element_Trl>
        <AD_Element_Trl type="translation">
            <Help>Tax code for the field number in the tax declaration form. This code is determined by the tax authorities (e.g. in germany or sweden).</Help>
            <PO_Description/>
            <PO_Help/>
            <PO_PrintName/>
            <Name>Purchase Tax Code</Name>
            <Description>Purchase Tax Code</Description>
            <PrintName>Purchase Tax Code</PrintName>
            <PO_Name/>
            <AD_Language>de_DE</AD_Language>
            <IsActive>true</IsActive>
            <IsTranslated>false</IsTranslated>
        </AD_Element_Trl>
    </AD_Element>
    <AD_Column type="table">
        <IsSyncDatabase>Y</IsSyncDatabase>
        <AD_Table_ID reference="id">261</AD_Table_ID>
        <AD_Reference_Value_ID reference="id"/>
        <AD_Client_ID>0</AD_Client_ID>
        <AD_Org_ID>0</AD_Org_ID>
        <SeqNoSelection>0</SeqNoSelection>
        <Version>0</Version>
        <ValueMax/>
        <IsMandatory>false</IsMandatory>
        <IsTranslated>false</IsTranslated>
        <IsIdentifier>false</IsIdentifier>
        <SeqNo>0</SeqNo>
        <ValueMin/>
        <IsParent>false</IsParent>
        <FieldLength>3</FieldLength>
        <IsSelectionColumn>false</IsSelectionColumn>
        <IsKey>false</IsKey>
        <AD_Process_ID reference="id"/>
        <ReadOnlyLogic>@Rate@=0</ReadOnlyLogic>
        <IsAutocomplete>false</IsAutocomplete>
        <IsAllowLogging>true</IsAllowLogging>
        <MandatoryLogic/>
        <FormatPattern/>
        <AD_Column_UU>b8355bb9-d291-44b4-9ddf-1f295ecbf500</AD_Column_UU>
        <IsUpdateable>true</IsUpdateable>
        <Callout/>
        <ColumnName>PurchaseTaxCode</ColumnName>
        <Description>Purchase Tax Code</Description>
        <ColumnSQL/>
        <DefaultValue/>
        <Help>Tax code for the field number in the tax declaration form. This code is determined by the tax authorities (e.g. in germany or sweden).</Help>
        <Name>Purchase Tax Code</Name>
        <IsAllowCopy>true</IsAllowCopy>
        <IsActive>true</IsActive>
        <IsToolbarButton>false</IsToolbarButton>
        <IsAlwaysUpdateable>false</IsAlwaysUpdateable>
        <EntityType>BAY</EntityType>
        <VFormat/>
        <IsEncrypted>N</IsEncrypted>
        <IsSecure>false</IsSecure>
        <AD_Chart_ID reference="id"/>
        <FKConstraintType>N</FKConstraintType>
        <FKConstraintName/>
        <AD_Element_ID reference="uuid" reference-key="AD_Element">06cfb497-64fb-4ad0-870c-5cf4661465d7</AD_Element_ID>
        <AD_Reference_ID reference="id">10</AD_Reference_ID>
        <AD_Val_Rule_ID reference="id"/>
    </AD_Column>
    <AD_Field type="table">
        <AD_Client_ID>0</AD_Client_ID>
        <AD_Org_ID>0</AD_Org_ID>
        <SortNo/>
        <IsEncrypted>false</IsEncrypted>
        <AD_Tab_ID reference="id">174</AD_Tab_ID>
        <DisplayLength>2000</DisplayLength>
        <IsSameLine>false</IsSameLine>
        <IsHeading>false</IsHeading>
        <SeqNo>50</SeqNo>
        <IsCentrallyMaintained>true</IsCentrallyMaintained>
        <IsReadOnly>false</IsReadOnly>
        <Help>The Help field contains a hint, comment or help about the use of this item.</Help>
        <ObscureType/>
        <DisplayLogic/>
        <IsMandatory/>
        <AD_Val_Rule_ID reference="id"/>
        <Included_Tab_ID reference="id"/>
        <Description>Comment or Hint</Description>
        <Name>Comment/Help</Name>
        <AD_Field_UU>4a7256ec-cbe0-429d-86ef-01226bb17266</AD_Field_UU>
        <IsDisplayed>true</IsDisplayed>
        <IsFieldOnly>false</IsFieldOnly>
        <DefaultValue/>
        <IsAllowCopy/>
        <IsActive>true</IsActive>
        <IsDisplayedGrid>true</IsDisplayedGrid>
        <SeqNoGrid>270</SeqNoGrid>
        <XPosition>1</XPosition>
        <IsQuickEntry>false</IsQuickEntry>
        <MandatoryLogic/>
        <IsUpdateable/>
        <IsAlwaysUpdateable/>
        <ReadOnlyLogic/>
        <IsToolbarButton/>
        <ColumnSpan>5</ColumnSpan>
        <NumLines>3</NumLines>
        <IsAdvancedField>false</IsAdvancedField>
        <IsDefaultFocus>false</IsDefaultFocus>
        <AD_Column_ID reference="uuid" reference-key="AD_Column">76089cda-750b-406f-aa1b-ffd96af7e011</AD_Column_ID>
        <AD_FieldGroup_ID reference="id"/>
        <AD_Reference_ID reference="id"/>
        <AD_Reference_Value_ID reference="id"/>
        <EntityType>BAY</EntityType>
        <AD_Field_Trl type="translation">
            <Help>The Help field contains a hint, comment or help about the use of this item.</Help>
            <Description>Comment or Hint</Description>
            <Name>Comment/Help</Name>
            <AD_Language>de_DE</AD_Language>
            <IsActive>true</IsActive>
            <IsTranslated>false</IsTranslated>
        </AD_Field_Trl>
        <AD_Field_Trl type="translation">
            <Help>The Help field contains a hint, comment or help about the use of this item.</Help>
            <Description>Comment or Hint</Description>
            <Name>Comment/Help</Name>
            <AD_Language>es_CO</AD_Language>
            <IsActive>true</IsActive>
            <IsTranslated>false</IsTranslated>
        </AD_Field_Trl>
    </AD_Field>
    <AD_Field type="table">
        <AD_Client_ID>0</AD_Client_ID>
        <AD_Org_ID>0</AD_Org_ID>
        <SortNo/>
        <IsEncrypted>false</IsEncrypted>
        <AD_Tab_ID reference="id">174</AD_Tab_ID>
        <DisplayLength>3</DisplayLength>
        <IsSameLine>false</IsSameLine>
        <IsHeading>false</IsHeading>
        <SeqNo>260</SeqNo>
        <IsCentrallyMaintained>true</IsCentrallyMaintained>
        <IsReadOnly>false</IsReadOnly>
        <Help>Tax code for the field number in the tax declaration form. This code is determined by the tax authorities (e.g. in germany or sweden).</Help>
        <ObscureType/>
        <DisplayLogic/>
        <IsMandatory/>
        <AD_Val_Rule_ID reference="id"/>
        <Included_Tab_ID reference="id"/>
        <Description/>
        <Name>Revenue Base Code</Name>
        <AD_Field_UU>16476307-20c6-4cd4-9b51-cfb525e14dc8</AD_Field_UU>
        <IsDisplayed>true</IsDisplayed>
        <IsFieldOnly>false</IsFieldOnly>
        <DefaultValue/>
        <IsAllowCopy/>
        <IsActive>true</IsActive>
        <IsDisplayedGrid>true</IsDisplayedGrid>
        <SeqNoGrid>280</SeqNoGrid>
        <XPosition>1</XPosition>
        <IsQuickEntry>false</IsQuickEntry>
        <MandatoryLogic/>
        <IsUpdateable/>
        <IsAlwaysUpdateable/>
        <ReadOnlyLogic/>
        <IsToolbarButton/>
        <ColumnSpan>2</ColumnSpan>
        <NumLines>1</NumLines>
        <IsAdvancedField>false</IsAdvancedField>
        <IsDefaultFocus>false</IsDefaultFocus>
        <AD_Column_ID reference="uuid" reference-key="AD_Column">9acef6b7-963e-4bd4-b807-cefb698f1402</AD_Column_ID>
        <AD_FieldGroup_ID reference="id">126</AD_FieldGroup_ID>
        <AD_Reference_ID reference="id"/>
        <AD_Reference_Value_ID reference="id"/>
        <EntityType>BAY</EntityType>
        <AD_Field_Trl type="translation">
            <Help>Tax code for the field number in the tax declaration form. This code is determined by the tax authorities (e.g. in germany or sweden).</Help>
            <Description/>
            <Name>Revenue Base Code</Name>
            <AD_Language>de_DE</AD_Language>
            <IsActive>true</IsActive>
            <IsTranslated>false</IsTranslated>
        </AD_Field_Trl>
        <AD_Field_Trl type="translation">
            <Help>Tax code for the field number in the tax declaration form. This code is determined by the tax authorities (e.g. in germany or sweden).</Help>
            <Description/>
            <Name>Revenue Base Code</Name>
            <AD_Language>es_CO</AD_Language>
            <IsActive>true</IsActive>
            <IsTranslated>false</IsTranslated>
        </AD_Field_Trl>
    </AD_Field>
    <AD_Field type="table">
        <AD_Client_ID>0</AD_Client_ID>
        <AD_Org_ID>0</AD_Org_ID>
        <SortNo/>
        <IsEncrypted>false</IsEncrypted>
        <AD_Tab_ID reference="id">174</AD_Tab_ID>
        <DisplayLength>3</DisplayLength>
        <IsSameLine>false</IsSameLine>
        <IsHeading>false</IsHeading>
        <SeqNo>270</SeqNo>
        <IsCentrallyMaintained>true</IsCentrallyMaintained>
        <IsReadOnly>false</IsReadOnly>
        <Help>Tax code for the field number in the tax declaration form. This code is determined by the tax authorities (e.g. in germany or sweden).</Help>
        <ObscureType/>
        <DisplayLogic/>
        <IsMandatory/>
        <AD_Val_Rule_ID reference="id"/>
        <Included_Tab_ID reference="id"/>
        <Description>Sales Tax Code</Description>
        <Name>Sales Tax Code</Name>
        <AD_Field_UU>897ba7eb-cab8-495b-95d0-3eb31f5b8c57</AD_Field_UU>
        <IsDisplayed>true</IsDisplayed>
        <IsFieldOnly>false</IsFieldOnly>
        <DefaultValue/>
        <IsAllowCopy/>
        <IsActive>true</IsActive>
        <IsDisplayedGrid>true</IsDisplayedGrid>
        <SeqNoGrid>290</SeqNoGrid>
        <XPosition>4</XPosition>
        <IsQuickEntry>false</IsQuickEntry>
        <MandatoryLogic/>
        <IsUpdateable/>
        <IsAlwaysUpdateable/>
        <ReadOnlyLogic/>
        <IsToolbarButton/>
        <ColumnSpan>2</ColumnSpan>
        <NumLines>1</NumLines>
        <IsAdvancedField>false</IsAdvancedField>
        <IsDefaultFocus>false</IsDefaultFocus>
        <AD_Column_ID reference="uuid" reference-key="AD_Column">6963f966-dc2b-44eb-be9a-28b54dbca644</AD_Column_ID>
        <AD_FieldGroup_ID reference="id">126</AD_FieldGroup_ID>
        <AD_Reference_ID reference="id"/>
        <AD_Reference_Value_ID reference="id"/>
        <EntityType>BAY</EntityType>
        <AD_Field_Trl type="translation">
            <Help>Tax code for the field number in the tax declaration form. This code is determined by the tax authorities (e.g. in germany or sweden).</Help>
            <Description>Sales Tax Code</Description>
            <Name>Sales Tax Code</Name>
            <AD_Language>de_DE</AD_Language>
            <IsActive>true</IsActive>
            <IsTranslated>false</IsTranslated>
        </AD_Field_Trl>
        <AD_Field_Trl type="translation">
            <Help>Tax code for the field number in the tax declaration form. This code is determined by the tax authorities (e.g. in germany or sweden).</Help>
            <Description>Sales Tax Code</Description>
            <Name>Sales Tax Code</Name>
            <AD_Language>es_CO</AD_Language>
            <IsActive>true</IsActive>
            <IsTranslated>false</IsTranslated>
        </AD_Field_Trl>
    </AD_Field>
    <AD_Field type="table">
        <AD_Client_ID>0</AD_Client_ID>
        <AD_Org_ID>0</AD_Org_ID>
        <SortNo/>
        <IsEncrypted>false</IsEncrypted>
        <AD_Tab_ID reference="id">174</AD_Tab_ID>
        <DisplayLength>3</DisplayLength>
        <IsSameLine>false</IsSameLine>
        <IsHeading>false</IsHeading>
        <SeqNo>280</SeqNo>
        <IsCentrallyMaintained>true</IsCentrallyMaintained>
        <IsReadOnly>false</IsReadOnly>
        <Help>Tax code for the field number in the tax declaration form. This code is determined by the tax authorities (e.g. in germany or sweden).</Help>
        <ObscureType/>
        <DisplayLogic/>
        <IsMandatory/>
        <AD_Val_Rule_ID reference="id"/>
        <Included_Tab_ID reference="id"/>
        <Description>Purchase Tax Code</Description>
        <Name>Purchase Tax Code</Name>
        <AD_Field_UU>7120bb87-913e-4779-b01f-14591e8b7b30</AD_Field_UU>
        <IsDisplayed>true</IsDisplayed>
        <IsFieldOnly>false</IsFieldOnly>
        <DefaultValue/>
        <IsAllowCopy/>
        <IsActive>true</IsActive>
        <IsDisplayedGrid>true</IsDisplayedGrid>
        <SeqNoGrid>300</SeqNoGrid>
        <XPosition>4</XPosition>
        <IsQuickEntry>false</IsQuickEntry>
        <MandatoryLogic/>
        <IsUpdateable/>
        <IsAlwaysUpdateable/>
        <ReadOnlyLogic/>
        <IsToolbarButton/>
        <ColumnSpan>2</ColumnSpan>
        <NumLines>1</NumLines>
        <IsAdvancedField>false</IsAdvancedField>
        <IsDefaultFocus>false</IsDefaultFocus>
        <AD_Column_ID reference="uuid" reference-key="AD_Column">b8355bb9-d291-44b4-9ddf-1f295ecbf500</AD_Column_ID>
        <AD_FieldGroup_ID reference="id">126</AD_FieldGroup_ID>
        <AD_Reference_ID reference="id"/>
        <AD_Reference_Value_ID reference="id"/>
        <EntityType>BAY</EntityType>
        <AD_Field_Trl type="translation">
            <Help>Tax code for the field number in the tax declaration form. This code is determined by the tax authorities (e.g. in germany or sweden).</Help>
            <Description>Purchase Tax Code</Description>
            <Name>Purchase Tax Code</Name>
            <AD_Language>de_DE</AD_Language>
            <IsActive>true</IsActive>
            <IsTranslated>false</IsTranslated>
        </AD_Field_Trl>
        <AD_Field_Trl type="translation">
            <Help>Tax code for the field number in the tax declaration form. This code is determined by the tax authorities (e.g. in germany or sweden).</Help>
            <Description>Purchase Tax Code</Description>
            <Name>Purchase Tax Code</Name>
            <AD_Language>es_CO</AD_Language>
            <IsActive>true</IsActive>
            <IsTranslated>false</IsTranslated>
        </AD_Field_Trl>
    </AD_Field>
    <SQLStatement type="custom">
        <DBType>Postgres</DBType>
        <statement><![CDATA[CREATE OR REPLACE VIEW adempiere.rv_c_invoicetax AS 
 SELECT i.ad_client_id, i.ad_org_id, i.isactive, t.created, t.createdby, t.updated, t.updatedby, t.c_tax_id, i.c_invoice_id, i.c_doctype_id, i.c_bpartner_id, bp.taxid, bp.istaxexempt, i.dateacct, i.dateinvoiced, i.issotrx, i.documentno, i.ispaid, i.c_currency_id, 
        CASE
            WHEN charat(d.docbasetype::character varying, 3)::text = 'C'::text THEN t.taxbaseamt * (-1)::numeric
            ELSE t.taxbaseamt
        END AS taxbaseamt, 
        CASE
            WHEN charat(d.docbasetype::character varying, 3)::text = 'C'::text THEN t.taxamt * (-1)::numeric
            ELSE t.taxamt
        END AS taxamt, 
        CASE
            WHEN charat(d.docbasetype::character varying, 3)::text = 'C'::text THEN (t.taxbaseamt + t.taxamt) * (-1)::numeric
            ELSE t.taxbaseamt + t.taxamt
        END AS taxlinetotal, 
        CASE
            WHEN charat(d.docbasetype::character varying, 3)::text = 'C'::text THEN (-1)
            ELSE 1
        END AS multiplier, t.ad_org_id AS c_invoicetax_ad_org_id, t.isactive AS c_invoicetax_isactive, t.istaxincluded AS c_invoicetax_istaxincluded, t.processed AS c_invoicetax_processed, i.ad_orgtrx_id AS c_invoice_ad_orgtrx_id, i.ad_user_id, i.c_bpartner_location_id, i.c_activity_id, i.c_campaign_id, i.c_charge_id, i.c_conversiontype_id, i.c_doctypetarget_id, i.c_dunninglevel_id, i.chargeamt, i.c_order_id, i.c_payment_id, i.c_paymentterm_id AS c_invoice_c_paymentterm_id, i.created AS c_invoice_created, i.createdby AS c_invoice_createdby, i.dateprinted, i.description AS c_invoice_description, i.docaction, i.docstatus, i.dunninggrace, i.generateto, i.invoicecollectiontype, i.isapproved, i.isdiscountprinted, i.isindispute, i.ispayschedulevalid, i.isprinted, i.isselfservice AS c_invoice_isselfservice, i.istaxincluded AS c_invoice_istaxincluded, i.istransferred, i.m_pricelist_id, i.m_rma_id, i.paymentrule, i.poreference AS c_invoice_poreference, i.posted, i.processedon, i.processing, i.ref_invoice_id, i.reversal_id, i.salesrep_id, i.sendemail, i.totallines, i.updated AS c_invoice_updated, i.updatedby AS c_invoice_updatedby, i.user1_id, i.user2_id, bp.acqusitioncost AS c_bp_acqusitioncost, bp.actuallifetimevalue AS c_bp_actuallifetimevalue, bp.ad_language AS c_bp_ad_language, bp.ad_orgbp_id AS c_bp_ad_orgbp_id, bp.ad_org_id AS c_bp_ad_org_id, bp.bpartner_parent_id AS c_bp_bpartner_parent_id, bp.c_bp_group_id AS c_bp_c_bp_group_id, bp.c_dunning_id AS c_bp_c_dunning_id, bp.c_greeting_id AS c_bp_c_greeting_id, bp.c_invoiceschedule_id AS c_bp_c_invoiceschedule_id, bp.c_paymentterm_id AS c_bp_c_paymentterm_id, bp.created AS c_bp_created, bp.createdby AS c_bp_createdby, bp.c_taxgroup_id AS c_bp_c_taxgroup_id, bp.deliveryrule AS c_bp_deliveryrule, bp.deliveryviarule AS c_bp_deliveryviarule, bp.description AS c_bp_description, bp.dunninggrace AS c_bp_dunninggrace, bp.duns, bp.firstsale AS c_bp_firstsale, bp.flatdiscount AS c_bp_flatdiscount, bp.freightcostrule AS c_bp_freightcostrule, bp.invoicerule AS c_bp_invoicerule, bp.isactive AS c_bp_isactive, bp.iscustomer AS c_bp_iscustomer, bp.isdiscountprinted AS c_bp_isdiscountprinted, bp.isemployee AS c_bp_isemployee, bp.ismanufacturer AS c_bp_ismanufacturer, bp.isonetime AS c_bp_isonetime, bp.ispotaxexempt AS c_bp_ispotaxexempt, bp.isprospect AS c_bp_isprospect, bp.issalesrep AS c_bp_issalesrep, bp.issummary AS c_bp_issummary, bp.isvendor, bp.logo_id AS c_bp_logo_id, bp.m_discountschema_id, bp.m_pricelist_id AS c_bp_m_pricelist_id, bp.naics, bp.name AS c_bp_name, bp.name2 AS c_bp_name2, bp.numberemployees, bp.paymentrule AS c_bp_paymentrule, bp.paymentrulepo AS c_bp_paymentrulepo, bp.po_discountschema_id, bp.po_paymentterm_id, bp.po_pricelist_id, bp.poreference AS c_bp_poreference, bp.potentiallifetimevalue, bp.rating AS c_bp_rating, bp.salesrep_id AS c_bp_salesrep_id, bp.salesvolume, bp.sendemail AS c_bp_sendemail, bp.shareofcustomer, bp.shelflifeminpct, bp.so_creditlimit, bp.socreditstatus, bp.so_creditused, bp.so_description, bp.totalopenbalance AS c_bp_totalopenbalance, bp.updated AS c_bp_updated, bp.updatedby AS c_bp_updatedby, bp.url AS c_bp_url, bp.value AS c_bp_value
        ,
        tax.RevenueBaseCode, tax.SalesTaxCode, tax.PurchaseTaxCode
   FROM c_invoicetax t
   JOIN c_invoice i ON t.c_invoice_id = i.c_invoice_id
   JOIN c_doctype d ON i.c_doctype_id = d.c_doctype_id
   JOIN c_bpartner bp ON i.c_bpartner_id = bp.c_bpartner_id
   JOIN C_Tax tax ON t.C_Tax_ID=tax.C_Tax_ID
   ]]></statement>
    </SQLStatement>
    <AD_Column type="table">
        <IsSyncDatabase>Y</IsSyncDatabase>
        <AD_Table_ID reference="id">654</AD_Table_ID>
        <AD_Reference_Value_ID reference="id"/>
        <AD_Client_ID>0</AD_Client_ID>
        <AD_Org_ID>0</AD_Org_ID>
        <SeqNoSelection/>
        <Version>0.0</Version>
        <ValueMax/>
        <IsMandatory>false</IsMandatory>
        <IsTranslated>false</IsTranslated>
        <IsIdentifier>false</IsIdentifier>
        <SeqNo/>
        <ValueMin/>
        <IsParent>false</IsParent>
        <FieldLength>3</FieldLength>
        <IsSelectionColumn>false</IsSelectionColumn>
        <IsKey>false</IsKey>
        <AD_Process_ID reference="id"/>
        <ReadOnlyLogic/>
        <IsAutocomplete>false</IsAutocomplete>
        <IsAllowLogging>true</IsAllowLogging>
        <MandatoryLogic/>
        <FormatPattern/>
        <AD_Column_UU>abfb55a9-0ac7-46a9-ba0e-8a0551ea398e</AD_Column_UU>
        <IsUpdateable>false</IsUpdateable>
        <Callout/>
        <ColumnName>RevenueBaseCode</ColumnName>
        <Description/>
        <ColumnSQL/>
        <DefaultValue/>
        <Help>Tax code for the field number in the tax declaration form. This code is determined by the tax authorities (e.g. in germany or sweden).</Help>
        <Name>Revenue Base Code</Name>
        <IsAllowCopy>true</IsAllowCopy>
        <IsActive>true</IsActive>
        <IsToolbarButton>true</IsToolbarButton>
        <IsAlwaysUpdateable>false</IsAlwaysUpdateable>
        <EntityType>BAY</EntityType>
        <VFormat/>
        <IsEncrypted>N</IsEncrypted>
        <IsSecure>false</IsSecure>
        <AD_Chart_ID reference="id"/>
        <FKConstraintType>N</FKConstraintType>
        <FKConstraintName/>
        <AD_Element_ID reference="uuid" reference-key="AD_Element">2e3a87ec-b377-483c-9c76-0e341d5745bc</AD_Element_ID>
        <AD_Reference_ID reference="id">10</AD_Reference_ID>
        <AD_Val_Rule_ID reference="id"/>
    </AD_Column>
    <AD_Column type="table">
        <IsSyncDatabase>Y</IsSyncDatabase>
        <AD_Table_ID reference="id">654</AD_Table_ID>
        <AD_Reference_Value_ID reference="id"/>
        <AD_Client_ID>0</AD_Client_ID>
        <AD_Org_ID>0</AD_Org_ID>
        <SeqNoSelection/>
        <Version>0.0</Version>
        <ValueMax/>
        <IsMandatory>false</IsMandatory>
        <IsTranslated>false</IsTranslated>
        <IsIdentifier>false</IsIdentifier>
        <SeqNo/>
        <ValueMin/>
        <IsParent>false</IsParent>
        <FieldLength>3</FieldLength>
        <IsSelectionColumn>false</IsSelectionColumn>
        <IsKey>false</IsKey>
        <AD_Process_ID reference="id"/>
        <ReadOnlyLogic/>
        <IsAutocomplete>false</IsAutocomplete>
        <IsAllowLogging>true</IsAllowLogging>
        <MandatoryLogic/>
        <FormatPattern/>
        <AD_Column_UU>b7bca3c5-92b1-46a8-a219-f6cdf44dca21</AD_Column_UU>
        <IsUpdateable>false</IsUpdateable>
        <Callout/>
        <ColumnName>SalesTaxCode</ColumnName>
        <Description>Sales Tax Code</Description>
        <ColumnSQL/>
        <DefaultValue/>
        <Help>Tax code for the field number in the tax declaration form. This code is determined by the tax authorities (e.g. in germany or sweden).</Help>
        <Name>Sales Tax Code</Name>
        <IsAllowCopy>true</IsAllowCopy>
        <IsActive>true</IsActive>
        <IsToolbarButton>true</IsToolbarButton>
        <IsAlwaysUpdateable>false</IsAlwaysUpdateable>
        <EntityType>BAY</EntityType>
        <VFormat/>
        <IsEncrypted>N</IsEncrypted>
        <IsSecure>false</IsSecure>
        <AD_Chart_ID reference="id"/>
        <FKConstraintType>N</FKConstraintType>
        <FKConstraintName/>
        <AD_Element_ID reference="uuid" reference-key="AD_Element">2096189a-e002-4661-afe2-00101fbd96fc</AD_Element_ID>
        <AD_Reference_ID reference="id">10</AD_Reference_ID>
        <AD_Val_Rule_ID reference="id"/>
    </AD_Column>
    <AD_Column type="table">
        <IsSyncDatabase>Y</IsSyncDatabase>
        <AD_Table_ID reference="id">654</AD_Table_ID>
        <AD_Reference_Value_ID reference="id"/>
        <AD_Client_ID>0</AD_Client_ID>
        <AD_Org_ID>0</AD_Org_ID>
        <SeqNoSelection/>
        <Version>0.0</Version>
        <ValueMax/>
        <IsMandatory>false</IsMandatory>
        <IsTranslated>false</IsTranslated>
        <IsIdentifier>false</IsIdentifier>
        <SeqNo/>
        <ValueMin/>
        <IsParent>false</IsParent>
        <FieldLength>3</FieldLength>
        <IsSelectionColumn>false</IsSelectionColumn>
        <IsKey>false</IsKey>
        <AD_Process_ID reference="id"/>
        <ReadOnlyLogic/>
        <IsAutocomplete>false</IsAutocomplete>
        <IsAllowLogging>true</IsAllowLogging>
        <MandatoryLogic/>
        <FormatPattern/>
        <AD_Column_UU>06500279-ecdd-4651-ab1f-9c4876bc1d06</AD_Column_UU>
        <IsUpdateable>false</IsUpdateable>
        <Callout/>
        <ColumnName>PurchaseTaxCode</ColumnName>
        <Description>Purchase Tax Code</Description>
        <ColumnSQL/>
        <DefaultValue/>
        <Help>Tax code for the field number in the tax declaration form. This code is determined by the tax authorities (e.g. in germany or sweden).</Help>
        <Name>Purchase Tax Code</Name>
        <IsAllowCopy>true</IsAllowCopy>
        <IsActive>true</IsActive>
        <IsToolbarButton>true</IsToolbarButton>
        <IsAlwaysUpdateable>false</IsAlwaysUpdateable>
        <EntityType>BAY</EntityType>
        <VFormat/>
        <IsEncrypted>N</IsEncrypted>
        <IsSecure>false</IsSecure>
        <AD_Chart_ID reference="id"/>
        <FKConstraintType>N</FKConstraintType>
        <FKConstraintName/>
        <AD_Element_ID reference="uuid" reference-key="AD_Element">06cfb497-64fb-4ad0-870c-5cf4661465d7</AD_Element_ID>
        <AD_Reference_ID reference="id">10</AD_Reference_ID>
        <AD_Val_Rule_ID reference="id"/>
    </AD_Column>
</idempiere>
