<?xml version="1.0" encoding="UTF-8"?>
<?xml-stylesheet type="text/css" href="idempiereDocument.css"?>

<idempiereDocument>
    <header>TaxAdditionalFields Package Description</header>
    <H1>Package Name:</H1>
    <packagename>TaxAdditionalFields</packagename>
    <H1>Author:</H1>
    <Name:/>
    <H1>Email Address:</H1>
    <Email>tbayen@bayen.de</Email>
    <H1>Created:</H1>
    <Date>2014-08-23 11:09:04.957</Date>
    <H1>Updated:</H1>
    <Date>2014-08-24 16:38:02.11</Date>
    <H1>Description:</H1>
    <description>Three additional fields for C_Tax:
* Help - allows to describe better the reasons for a tax. And it allows to use the description field for other purposes (output text in invoice regarding to special laws e.g. for "Reverse Charge Tax")
* RevenueBaseCode, SalesTaxCode, PurchaseTaxCode - Codes that can be used to enter the tax values in a tax declaration form
additional Fields for AD_OrgInfo:
* nationalTaxID, taxAuthority_ID (BPartner reference)
</description>
    <H1>Instructions:</H1>
    <instructions/>
    <H1>Files in Package:</H1>
    <file>File: PackOut.xml</file>
    <filedirectory>Directory: \dict\</filedirectory>
    <filenotes>Notes: Contains all application/object settings for package</filenotes>
    <H1>Client:</H1>
    <Client>0-SYSTEM-System</Client>
</idempiereDocument>
