<?xml version="1.0" encoding="UTF-8"?><?xml-stylesheet type="text/css" href="idempiereDocument.css"?><idempiereDocument>
    <header>ReportsAccounting Package Description</header>
    <H1>Package Name:</H1>
    <packagename>ReportsAccounting</packagename>
    <H1>Author:</H1>
    <Name:/>
    <H1>Email Address:</H1>
    <Email>tbayen@bayen.de</Email>
    <H1>Created:</H1>
    <Date>2014-09-06 21:44:35.645</Date>
    <H1>Updated:</H1>
    <Date>2014-09-07 00:45:56.797</Date>
    <H1>Description:</H1>
    <description>Several fine-tuned JasperReports for accounting informations and analysing.</description>
    <H1>Instructions:</H1>
    <instructions/>
    <H1>Files in Package:</H1>
    <file>File: PackOut.xml</file>
    <filedirectory>Directory: \dict\</filedirectory>
    <filenotes>Notes: Contains all application/object settings for package</filenotes>
    <H1>Client:</H1>
    <Client>0-SYSTEM-System</Client>
</idempiereDocument>
