<?xml version="1.0" encoding="UTF-8"?><idempiere Name="FreiBierEntityType" Version="1" idempiereVersion="" DataBaseVersion="" Description="EntityType BAY" Author="" AuthorEmail="tbayen@bayen.de" CreatedDate="2014-08-22 08:58:39.017" UpdatedDate="2014-08-22 09:03:18.545" PackOutVersion="100" UpdateDictionary="false" Client="0-SYSTEM-System" AD_Client_UU="11237b53-9592-4af1-b3c5-afd216514b5d">
    <AD_EntityType type="table">
        <AD_Client_ID>0</AD_Client_ID>
        <AD_Org_ID>0</AD_Org_ID>
        <Processing>false</Processing>
        <ModelPackage/>
        <Version/>
        <Help/>
        <EntityType>BAY</EntityType>
        <Classpath/>
        <Description>Implementation from BX Service/Thomas Bayen for FreiBier, german/european localization and more</Description>
        <AD_EntityType_UU>ea7c6bae-5992-4f08-8777-c264078da40f</AD_EntityType_UU>
        <IsActive>true</IsActive>
        <Name>FreiBier</Name>
    </AD_EntityType>
    <AD_Package_Exp type="table">
        <AD_Client_ID>0</AD_Client_ID>
        <AD_Org_ID>0</AD_Org_ID>
        <Processing>false</Processing>
        <Version/>
        <Processed>false</Processed>
        <PK_Version>1</PK_Version>
        <AD_Package_Type>X</AD_Package_Type>
        <Description>EntityType BAY</Description>
        <Name>FreiBierEntityType</Name>
        <UserName/>
        <AD_Package_Exp_UU>9126293c-e2a2-4751-a3f4-00e62df7d074</AD_Package_Exp_UU>
        <ReleaseNo/>
        <DateFrom/>
        <IsActive>true</IsActive>
        <EMail>tbayen@bayen.de</EMail>
        <File_Directory/>
        <Instructions/>
        <IsExportDictionaryEntity>false</IsExportDictionaryEntity>
    </AD_Package_Exp>
    <AD_Package_Exp_Detail type="table">
        <AD_Client_ID>0</AD_Client_ID>
        <AD_Org_ID>0</AD_Org_ID>
        <SQLStatement/>
        <AD_Table_ID reference="id"/>
        <ReleaseNo/>
        <AD_Window_ID reference="id"/>
        <Target_Directory/>
        <DBType>ALL</DBType>
        <Destination_Directory/>
        <Processed>false</Processed>
        <AD_Workbench_ID reference="id"/>
        <AD_Package_Code_Old/>
        <AD_ImpFormat_ID reference="id"/>
        <AD_ReportView_ID reference="id"/>
        <AD_Val_Rule_ID reference="id"/>
        <AD_Package_Code_New/>
        <Name2/>
        <Destination_FileName/>
        <FileName/>
        <Description/>
        <AD_Package_Exp_Detail_UU>ebf8a76f-0ada-40f5-a528-0e8e5a3cf979</AD_Package_Exp_Detail_UU>
        <Type>ET</Type>
        <Processing>false</Processing>
        <IsActive>true</IsActive>
        <Line>10</Line>
        <File_Directory/>
        <AD_EntityType_ID reference="uuid" reference-key="AD_EntityType">ea7c6bae-5992-4f08-8777-c264078da40f</AD_EntityType_ID>
        <AD_Form_ID reference="id"/>
        <AD_Menu_ID reference="id"/>
        <AD_Message_ID reference="id"/>
        <AD_ModelValidator_ID reference="id"/>
        <AD_Package_Exp_ID reference="uuid" reference-key="AD_Package_Exp">9126293c-e2a2-4751-a3f4-00e62df7d074</AD_Package_Exp_ID>
        <AD_PrintFormat_ID reference="id"/>
        <AD_Process_ID reference="id"/>
        <AD_Reference_ID reference="id"/>
        <AD_Role_ID reference="id">0</AD_Role_ID>
        <AD_Workflow_ID reference="id"/>
    </AD_Package_Exp_Detail>
    <AD_Package_Exp_Detail type="table">
        <AD_Client_ID>0</AD_Client_ID>
        <AD_Org_ID>0</AD_Org_ID>
        <SQLStatement>SELECT * FROM AD_Package_Exp WHERE AD_Package_Exp.Name='FreiBierEntityType'</SQLStatement>
        <AD_Table_ID reference="id">50005</AD_Table_ID>
        <ReleaseNo/>
        <AD_Window_ID reference="id"/>
        <Target_Directory/>
        <DBType>ALL</DBType>
        <Destination_Directory/>
        <Processed>false</Processed>
        <AD_Workbench_ID reference="id"/>
        <AD_Package_Code_Old/>
        <AD_ImpFormat_ID reference="id"/>
        <AD_ReportView_ID reference="id"/>
        <AD_Val_Rule_ID reference="id"/>
        <AD_Package_Code_New/>
        <Name2/>
        <Destination_FileName/>
        <FileName/>
        <Description/>
        <AD_Package_Exp_Detail_UU>2c763848-68fa-4ddc-9cda-ec2995d97c76</AD_Package_Exp_Detail_UU>
        <Type>D</Type>
        <Processing>false</Processing>
        <IsActive>true</IsActive>
        <Line>20</Line>
        <File_Directory/>
        <AD_EntityType_ID reference="id"/>
        <AD_Form_ID reference="id"/>
        <AD_Menu_ID reference="id"/>
        <AD_Message_ID reference="id"/>
        <AD_ModelValidator_ID reference="id"/>
        <AD_Package_Exp_ID reference="uuid" reference-key="AD_Package_Exp">9126293c-e2a2-4751-a3f4-00e62df7d074</AD_Package_Exp_ID>
        <AD_PrintFormat_ID reference="id"/>
        <AD_Process_ID reference="id"/>
        <AD_Reference_ID reference="id"/>
        <AD_Role_ID reference="id">0</AD_Role_ID>
        <AD_Workflow_ID reference="id"/>
    </AD_Package_Exp_Detail>
    <AD_Package_Exp_Detail type="table">
        <AD_Client_ID>0</AD_Client_ID>
        <AD_Org_ID>0</AD_Org_ID>
        <SQLStatement>SELECT * FROM AD_Package_Exp_DEtail WHERE AD_Package_Exp_ID= (SELECT AD_Package_Exp_ID FROM AD_Package_Exp WHERE AD_Package_Exp.Name='FreiBierEntityType')</SQLStatement>
        <AD_Table_ID reference="id">50006</AD_Table_ID>
        <ReleaseNo/>
        <AD_Window_ID reference="id"/>
        <Target_Directory/>
        <DBType>ALL</DBType>
        <Destination_Directory/>
        <Processed>false</Processed>
        <AD_Workbench_ID reference="id"/>
        <AD_Package_Code_Old/>
        <AD_ImpFormat_ID reference="id"/>
        <AD_ReportView_ID reference="id"/>
        <AD_Val_Rule_ID reference="id"/>
        <AD_Package_Code_New/>
        <Name2/>
        <Destination_FileName/>
        <FileName/>
        <Description/>
        <AD_Package_Exp_Detail_UU>60c81b14-83ca-4b06-8405-7de4bdfbb79e</AD_Package_Exp_Detail_UU>
        <Type>D</Type>
        <Processing>false</Processing>
        <IsActive>true</IsActive>
        <Line>30</Line>
        <File_Directory/>
        <AD_EntityType_ID reference="id"/>
        <AD_Form_ID reference="id"/>
        <AD_Menu_ID reference="id"/>
        <AD_Message_ID reference="id"/>
        <AD_ModelValidator_ID reference="id"/>
        <AD_Package_Exp_ID reference="uuid" reference-key="AD_Package_Exp">9126293c-e2a2-4751-a3f4-00e62df7d074</AD_Package_Exp_ID>
        <AD_PrintFormat_ID reference="id"/>
        <AD_Process_ID reference="id"/>
        <AD_Reference_ID reference="id"/>
        <AD_Role_ID reference="id">0</AD_Role_ID>
        <AD_Workflow_ID reference="id"/>
    </AD_Package_Exp_Detail>
</idempiere>
